31-03-2017,278.73,279.68,276.32,278.3,3293797,N/A,6.163
30-03-2017,278.11,282,277.21,277.92,4142312,N/A,6.1546
29-03-2017,278.34,279.6,275.54,277.38,3672734,N/A,6.1427
28-03-2017,277.01,280.68,275,277.45,7978985,N/A,6.1442
27-03-2017,260.6,270.57,259.75,270.22,6224614,N/A,5.9841
24-03-2017,255.7,263.89,255.01,263.16,5647253,N/A,5.8277
23-03-2017,255.25,257.67,253.3,254.78,3311010,N/A,5.6422
22-03-2017,251.46,255.07,250.51,255.01,4057182,N/A,5.6473
21-03-2017,262.83,264.8,250.24,250.68,6908554,N/A,5.5514
20-03-2017,260.6,264.55,258.821,261.92,3614294,N/A,5.8003
17-03-2017,264,265.33,261.2,261.5,6497496,N/A,5.791
16-03-2017,262.4,265.75,259.06,262.05,7132153,N/A,5.8032
15-03-2017,257,261,254.27,255.73,5330806,N/A,5.6632
14-03-2017,246.11,258.12,246.02,258,7598446,N/A,5.7135
13-03-2017,244.82,246.85,242.781,246.17,3022625,N/A,5.4515
10-03-2017,246.21,246.5,243,243.69,3066272,N/A,5.3966
09-03-2017,247.63,248.66,243,244.9,3879293,N/A,5.4234
08-03-2017,247,250.07,245.32,246.87,3728649,N/A,5.467
07-03-2017,251.92,253.89,248.32,248.59,3459470,N/A,5.5051
06-03-2017,247.91,251.7,247.51,251.21,3355500,N/A,5.5631
03-03-2017,250.74,251.9,249,251.57,2929234,N/A,5.5711
02-03-2017,249.71,253.28,248.27,250.48,3351833,N/A,5.5469
01-03-2017,254.18,254.85,249.11,250.02,4809488,N/A,5.5368
28-02-2017,244.19,251,243.9,249.99,6078145,N/A,5.5361
27-02-2017,248.17,248.36,242.01,246.23,11460810,N/A,6.1866
24-02-2017,252.66,258.25,250.2,257,8171626,N/A,6.4572
23-02-2017,264,264.66,255.56,255.99,14915249,N/A,6.4318
22-02-2017,280.31,283.45,272.6,273.51,8754975,N/A,6.872
21-02-2017,275.45,281.4,274.01,277.39,5676747,N/A,6.9695
17-02-2017,265.8,272.89,264.15,272.23,6257149,N/A,6.8398
16-02-2017,277.6,280,268.5,268.95,7077322,N/A,6.7574
15-02-2017,280,282.24,276.44,279.76,4947856,N/A,7.029
14-02-2017,279.03,287.39,278.61,280.98,7345224,N/A,7.0597
13-02-2017,270.74,280.79,270.51,280.6,7029605,N/A,7.0501
10-02-2017,269.79,270.95,266.11,269.23,3619739,N/A,6.7645
09-02-2017,266.25,271.18,266.15,269.2,7820222,N/A,6.7637
08-02-2017,257.35,263.36,256.2,262.08,3933014,N/A,6.5848
07-02-2017,258.19,260,256.42,257.48,4244775,N/A,6.4693
06-02-2017,251,257.82,250.63,257.77,3562517,N/A,6.4765
03-02-2017,251.91,252.179,249.68,251.33,2186723,N/A,6.3147
02-02-2017,248.34,252.42,247.71,251.55,2499775,N/A,6.3203
01-02-2017,253.05,253.2,249.05,249.24,3958829,N/A,6.2622
31-01-2017,249.24,255.89,247.7,251.93,4116104,N/A,6.3298
30-01-2017,252.53,255.29,247.1,250.63,3801074,N/A,6.2971
27-01-2017,251.38,253,248.52,252.95,3166336,N/A,6.3554
26-01-2017,254.29,255.74,250.75,252.51,3152123,N/A,6.3444
25-01-2017,257.31,258.46,251.8,254.47,5146361,N/A,6.3936
24-01-2017,250,254.8,249.65,254.61,4965451,N/A,6.3971
23-01-2017,245.85,250.89,245.5,248.92,6262938,N/A,6.2542
20-01-2017,245.46,246,243.01,244.73,4204275,N/A,6.1489
19-01-2017,247.25,248.68,240.75,243.76,7732303,N/A,6.1245
18-01-2017,236.65,239.71,235.58,238.36,3768967,N/A,5.9889
17-01-2017,236.7,239.96,234.37,235.58,4617522,N/A,5.919
16-01-2017,0,0,0,237.75,0,N/A,N/A
13-01-2017,230,237.85,229.59,237.75,6092960,N/A,5.9735
12-01-2017,229.06,230.7,225.58,229.59,3790229,N/A,5.7685
11-01-2017,229.07,229.98,226.68,229.73,3650825,N/A,5.772
10-01-2017,232,232,226.89,229.87,3659955,N/A,5.7755
09-01-2017,228.97,231.92,228,231.28,3979484,N/A,5.811
06-01-2017,226.93,230.31,225.45,229.01,5527893,N/A,5.7539
05-01-2017,226.42,227.48,221.95,226.75,5911695,N/A,5.6972
04-01-2017,214.75,228,214.31,226.99,11213471,N/A,5.7032
03-01-2017,214.86,220.33,210.96,216.99,5923254,N/A,5.4519
02-01-2017,0,0,0,213.69,0,N/A,N/A
30-12-2016,216.3,217.5,211.68,213.69,4642620,N/A,5.369
29-12-2016,218.56,219.2,214.122,214.68,4044968,N/A,5.3939
28-12-2016,221.53,223.8,217.2,219.74,3782456,N/A,5.521
27-12-2016,214.88,222.25,214.42,219.53,5915732,N/A,5.5157
26-12-2016,0,0,0,213.34,0,N/A,N/A
23-12-2016,208,213.45,207.71,213.34,4670464,N/A,5.3602
22-12-2016,208.22,209.99,206.5,208.45,3111108,N/A,5.2374
21-12-2016,208.45,212.23,207.41,207.7,5207622,N/A,5.2185
20-12-2016,203.05,209,202.5,208.79,4689071,N/A,5.2459
19-12-2016,202.49,204.45,199.84,202.73,3488071,N/A,5.0936
16-12-2016,198.08,202.59,197.6,202.49,3796889,N/A,5.0876
15-12-2016,198.41,200.74,197.39,197.58,3219567,N/A,4.9642
14-12-2016,198.74,203,196.76,198.69,4150927,N/A,4.9921
13-12-2016,193.18,201.28,193,198.15,6823884,N/A,4.9786
12-12-2016,192.8,194.42,191.04,192.43,2438876,N/A,4.8349
09-12-2016,190.87,193.836,190.81,192.18,2722505,N/A,4.8286
08-12-2016,192.05,192.5,189.54,192.29,3194148,N/A,4.8313
07-12-2016,186.15,193.4,185,193.15,5461851,N/A,4.8529
06-12-2016,185.52,186.58,182.682,185.85,3391622,N/A,4.6695
05-12-2016,182.51,188.89,182.51,186.8,4072239,N/A,4.6934
02-12-2016,182.88,184.88,180,181.47,4042324,N/A,4.5595
01-12-2016,188.25,188.53,181,181.88,5126401,N/A,4.5698
30-11-2016,191,191.89,187.5,189.4,3547104,N/A,4.7587
29-11-2016,195.56,196.73,189.5,189.57,4439256,N/A,4.763
28-11-2016,195.48,199.35,194.55,196.12,4529182,N/A,4.9276
25-11-2016,193.64,197.237,193.64,196.65,2366098,N/A,4.9409
24-11-2016,0,0,0,193.14,0,N/A,N/A
23-11-2016,190.61,195.644,189,193.14,4891893,N/A,4.8527
22-11-2016,185.84,191.47,183.71,191.17,5603361,N/A,4.8032
21-11-2016,185.04,188.89,184.41,184.52,4361043,N/A,4.6361
18-11-2016,190.65,193,185,185.02,5210347,N/A,4.6487
17-11-2016,183.49,189.49,182.11,188.66,4887067,N/A,4.7401
16-11-2016,182.65,184.73,181.21,183.93,3434437,N/A,4.6213
15-11-2016,182.78,186.43,182.05,183.77,3902018,N/A,4.6173
14-11-2016,188,188.25,178.19,181.45,6552205,N/A,4.559
11-11-2016,184.24,188.88,183,188.56,3988504,N/A,4.7376
10-11-2016,191.05,191.61,180.42,185.35,6750341,N/A,4.657
09-11-2016,186.875,192,183.95,190.06,8173065,N/A,4.7753
08-11-2016,193.79,197.49,191.26,194.94,3267580,N/A,4.8979
07-11-2016,193.59,194.29,190.05,193.21,3870112,N/A,4.8545
04-11-2016,189,193.46,185.96,190.56,5146043,N/A,4.7879
03-11-2016,189,191.47,187.04,187.42,2653023,N/A,4.709
02-11-2016,190.05,192.695,187.505,188.02,4253382,N/A,4.7241
01-11-2016,198.04,198.5,188.105,190.79,7060036,N/A,4.7936
31-10-2016,202.49,202.49,195.81,197.73,4692273,N/A,4.968
28-10-2016,204,205.32,199.83,199.97,4280141,N/A,5.0243
27-10-2016,211.34,213.7,201.65,204.01,13093744,N/A,5.1258
26-10-2016,201,203.19,200.1,202.24,5632841,N/A,6.197
25-10-2016,202.9,204.69,201.2,202.34,2445014,N/A,6.2001
24-10-2016,201,203.945,200.25,202.76,2751562,N/A,6.213
21-10-2016,198.6,201.57,197.41,200.09,2943402,N/A,6.1312
20-10-2016,202.12,203,197.05,199.1,5072877,N/A,6.1008
19-10-2016,199.74,206.66,198.06,203.56,6991183,N/A,6.2375
18-10-2016,195.99,199.47,193.26,199.1,5680475,N/A,6.1008
17-10-2016,197.05,198.39,192,193.96,4554080,N/A,5.9433
14-10-2016,200.66,201.43,196.3,196.51,4269850,N/A,6.0215
13-10-2016,200.5,200.895,197.05,200.24,2495413,N/A,6.1358
12-10-2016,200.95,203.88,200.42,201.51,1970689,N/A,6.1747
11-10-2016,201.85,202.2,198.31,200.1,2328422,N/A,6.1315
10-10-2016,201.35,204.14,199.66,200.95,3316297,N/A,6.1575
07-10-2016,201,201.32,195.8,196.61,3493018,N/A,6.0245
06-10-2016,202.46,204.21,200.21,201,4703402,N/A,6.159
05-10-2016,212.24,213.15,208.12,208.46,1877534,N/A,6.3876
04-10-2016,213.1,213.32,208.82,211.41,3541481,N/A,6.478
03-10-2016,212.3,215.669,208.25,213.7,5999892,N/A,6.5482
30-09-2016,202.21,204.98,199.55,204.03,2586273,N/A,6.2519
29-09-2016,205.6,207.33,200.58,200.7,2727029,N/A,6.1498
28-09-2016,207.51,208.25,205.26,206.27,2088374,N/A,6.3205
27-09-2016,209.65,209.982,204.609,205.81,3373180,N/A,6.3064
26-09-2016,206.5,211,206.5,208.99,2394358,N/A,6.4039
23-09-2016,205.99,210.18,205.67,207.45,2905229,N/A,6.3567
22-09-2016,206.4,207.28,203,206.43,2382902,N/A,6.3254
21-09-2016,206.37,207,201.56,205.22,2633503,N/A,6.2884
20-09-2016,206.85,207.75,203.91,204.64,2410488,N/A,6.2706
19-09-2016,207,209.43,205,206.34,2299498,N/A,6.3227
16-09-2016,200.42,205.7,199,205.4,3107808,N/A,6.2939
15-09-2016,196.49,202.519,196.4,200.42,3085115,N/A,6.1413
14-09-2016,195.75,197.925,194.856,196.41,2259231,N/A,6.0184
13-09-2016,197.06,198.49,193.45,196.05,3589379,N/A,6.0074
12-09-2016,195,201.369,194.1,198.3,3715161,N/A,6.0763
09-09-2016,199.09,199.92,193.7,194.47,3756992,N/A,5.9589
08-09-2016,199.55,199.89,196.36,197.36,3377946,N/A,6.0475
07-09-2016,205.5,206.497,200.71,201.71,3640923,N/A,6.1808
06-09-2016,199.02,203.25,199,202.83,4390572,N/A,6.2151
05-09-2016,0,0,0,197.78,0,N/A,N/A
02-09-2016,202.33,203.2,196.2,197.78,5977413,N/A,6.0604
01-09-2016,209.01,211.1,200.5,200.77,7943138,N/A,6.152
31-08-2016,210.43,212.6,208.65,212.01,3276548,N/A,6.4964
30-08-2016,216.11,216.11,210.52,211.34,3168862,N/A,6.4759
29-08-2016,220.15,220.4,215,215.2,3266334,N/A,6.5942
26-08-2016,222.14,222.855,218.82,219.99,2238992,N/A,6.7409
25-08-2016,223.11,223.8,220.77,220.96,1762519,N/A,6.7707
24-08-2016,227.05,227.15,222.22,222.62,2570693,N/A,6.8215
23-08-2016,224.32,228.49,222.8,224.84,4784418,N/A,6.8895
22-08-2016,224.17,225.11,222.68,222.93,2065493,N/A,6.831
19-08-2016,223.54,225.169,222.53,225,1659530,N/A,6.8944
18-08-2016,223.82,225.66,222.29,223.51,1714467,N/A,6.8488
17-08-2016,224.33,224.83,222.8,223.24,1787127,N/A,6.8405
16-08-2016,225.49,227.19,223.41,223.61,2267147,N/A,6.8519
15-08-2016,226.02,229.5,224.93,225.59,2034328,N/A,6.9125
12-08-2016,225.41,226.65,224.04,225.61,1813540,N/A,6.9131
11-08-2016,226.17,227.57,223.41,224.91,1880936,N/A,6.8917
10-08-2016,228.24,229.87,224.62,225.65,2338301,N/A,6.9144
09-08-2016,226.82,231.538,226.65,229.08,2207833,N/A,7.0195
08-08-2016,228,229.6,226.09,226.16,2263584,N/A,6.93
05-08-2016,230,232,227.4,230.03,3205215,N/A,7.0486
04-08-2016,225.69,230.86,222.05,230.61,4146997,N/A,7.0664
03-08-2016,227.37,229.699,224.21,225.79,3887759,N/A,7.0436
02-08-2016,229.37,229.87,221.4,227.2,3934432,N/A,7.0876
01-08-2016,235.5,236.63,229.38,230.01,4016284,N/A,7.1752
29-07-2016,230.7,235.28,230.24,234.79,3070813,N/A,7.3244
28-07-2016,227.95,230.76,226.6,230.61,2419059,N/A,7.194
27-07-2016,229.34,233.36,226.92,228.49,2889007,N/A,7.1278
26-07-2016,227.69,230,225.3,229.51,3430042,N/A,7.1596
25-07-2016,222.27,231.39,221.372,230.01,4490683,N/A,7.1752
22-07-2016,221.99,224.5,218.88,222.27,2579692,N/A,6.9338
21-07-2016,226,227.847,219.1,220.5,4428651,N/A,6.8786
20-07-2016,226.47,229.8,225,228.36,2568498,N/A,7.1238
19-07-2016,225,229.1,224.75,225.26,3115065,N/A,7.0271
18-07-2016,219.64,227.09,218.3,226.25,3412055,N/A,7.0579
15-07-2016,222.52,222.75,219.64,220.4,2234247,N/A,6.8755
14-07-2016,223.12,224.94,221.05,221.53,2675834,N/A,6.9107
13-07-2016,225.5,225.59,220.29,222.53,3567062,N/A,6.9419
12-07-2016,224.1,227.5,223.22,224.65,4576165,N/A,7.008
11-07-2016,219.96,226.78,219.51,224.78,5429823,N/A,7.0121
08-07-2016,217.8,219.81,214.5,216.78,4074785,N/A,6.7625
07-07-2016,213.1,218.12,213.01,215.94,3612022,N/A,6.7363
06-07-2016,210,215.23,209,214.44,4919855,N/A,6.6895
05-07-2016,209.73,214.544,208,213.98,5175345,N/A,6.6752
04-07-2016,0,0,0,216.5,0,N/A,N/A
01-07-2016,206.14,218.24,206,216.5,5399951,N/A,6.7538
30-06-2016,212.97,213.5,209.02,212.28,4843111,N/A,6.6221
29-06-2016,205.13,211.78,203,210.19,5994908,N/A,6.5569
28-06-2016,201.89,204.05,199.41,201.79,6212422,N/A,6.2949
27-06-2016,190.86,198.81,187.87,198.55,7220323,N/A,6.1938
24-06-2016,190.05,195.12,189.73,193.15,7026516,N/A,6.0254
23-06-2016,195.69,197.55,192.13,196.4,10130748,N/A,6.1268
22-06-2016,199.47,205.95,195.75,196.66,23742414,N/A,6.1349
21-06-2016,220.68,222.569,218.81,219.61,4529005,N/A,6.8508
20-06-2016,219.5,223.75,218.23,219.7,3555471,N/A,6.8536
17-06-2016,217.81,219.99,214.5,215.47,3112620,N/A,6.7217
16-06-2016,217.42,218.04,213.5,217.93,2440259,N/A,6.7984
15-06-2016,216.95,221.9,215.13,217.7,2908522,N/A,6.7912
14-06-2016,218.88,222.2,212.53,214.96,3580167,N/A,6.7057
13-06-2016,219.5,225.77,217.66,217.87,4193022,N/A,6.7965
10-06-2016,227.39,227.97,218.422,218.79,6026603,N/A,6.8252
09-06-2016,234.98,235.33,227.06,229.36,4492075,N/A,7.155
08-06-2016,233.8,240.845,232.605,235.52,5971995,N/A,7.3471
07-06-2016,222.24,234.44,221.52,232.34,6213573,N/A,7.2479
06-06-2016,218,220.9,215.45,220.68,2249508,N/A,6.8842
03-06-2016,220,221.94,218.01,218.99,2228970,N/A,6.8315
02-06-2016,219.59,219.909,217.11,218.96,2032832,N/A,6.8305
01-06-2016,221.48,222.4,216.89,219.56,2982695,N/A,6.8492
31-05-2016,223.04,224.75,221.5,223.23,2789002,N/A,6.9637
30-05-2016,0,0,0,223.04,0,N/A,N/A
27-05-2016,224.99,225.93,220.75,223.04,3650272,N/A,6.9578
26-05-2016,220.5,225.26,219.05,225.12,4072424,N/A,7.0227
25-05-2016,217.91,221.36,216.51,219.58,3132615,N/A,6.8499
24-05-2016,216.6,218.74,215.18,217.91,3013843,N/A,6.7978
23-05-2016,219.87,222.6,215.86,216.22,5102479,N/A,6.7451
20-05-2016,216.99,220.55,216.35,220.28,9007076,N/A,6.8717
19-05-2016,213.62,216.79,207.3,215.21,6866321,N/A,6.7135
18-05-2016,209.15,215.31,207.75,211.17,5617519,N/A,6.5875
17-05-2016,209.05,209.82,204.02,204.66,2843597,N/A,6.3844
16-05-2016,208.15,213.15,207.92,208.29,2949396,N/A,6.4977
13-05-2016,207.78,211.2,206.7,207.61,2822781,N/A,6.4765
12-05-2016,211.44,211.67,203.657,207.28,3650475,N/A,6.4662
11-05-2016,207.59,215.48,206.05,208.96,5161864,N/A,6.5186
10-05-2016,207.55,209.47,205,208.69,4070617,N/A,6.5102
09-05-2016,215.72,216.15,206.8,208.92,4776383,N/A,6.5173
06-05-2016,210.87,216.37,208.11,214.93,5685237,N/A,6.7048
05-05-2016,228.46,228.64,209.79,211.53,11254827,N/A,6.5987
04-05-2016,230.29,234.46,220.4,222.56,8700459,N/A,7.2114
03-05-2016,237.36,238.91,231.62,232.32,4302222,N/A,7.5277
02-05-2016,241.5,243.19,234.82,241.8,3843935,N/A,7.8348
29-04-2016,248.14,248.43,237.81,240.76,5413787,N/A,7.8011
28-04-2016,249.85,253.43,247.44,247.71,2518990,N/A,8.0263
27-04-2016,252.75,255,249.4,251.47,3205808,N/A,8.1482
26-04-2016,252.05,255.73,249.39,253.74,3223839,N/A,8.2217
25-04-2016,253.01,257.38,250.76,251.82,3670348,N/A,8.1595
22-04-2016,248.89,254,245.71,253.75,3786327,N/A,8.222
21-04-2016,248.99,250.9,246.91,248.29,2783059,N/A,8.0451
20-04-2016,246.26,253.66,241.5,249.97,5194051,N/A,8.0996
19-04-2016,253.12,254.37,241.251,247.37,6357526,N/A,8.0153
18-04-2016,252.23,258.31,251.66,253.88,4271362,N/A,8.2263
15-04-2016,251.31,254.6,249.12,254.51,3752366,N/A,8.2467
14-04-2016,253,256.839,251.05,251.86,4132185,N/A,8.1608
13-04-2016,248.51,255.5,247.33,254.53,4925595,N/A,8.2473
12-04-2016,249.5,251.8,243.63,247.82,5763208,N/A,8.0299
11-04-2016,251,258.99,245.3,249.92,9161693,N/A,8.0979
08-04-2016,260.5,260.82,248.02,250.07,7363935,N/A,8.1028
07-04-2016,266.45,269.34,254.51,257.2,8856171,N/A,8.3338
06-04-2016,253.97,267.74,253.45,265.42,11705479,N/A,8.6002
05-04-2016,240.5,256.56,240,255.47,9948699,N/A,8.2778
04-04-2016,249.12,252.12,243.64,246.99,13475327,N/A,8.003
01-04-2016,244.825,247.9,233.25,237.59,15997509,N/A,7.6984
31-03-2016,229.34,237.42,225.01,229.77,8012872,N/A,7.445
30-03-2016,235.09,235.5,226.5,226.89,4032982,N/A,7.3517
29-03-2016,229.89,232.38,225.33,230.13,4014330,N/A,7.4567
28-03-2016,231.61,234.81,225,230.26,3925685,N/A,7.4609
25-03-2016,0,0,0,227.75,0,N/A,N/A
24-03-2016,215.78,228.888,215,227.75,4960900,N/A,7.3796
23-03-2016,232.37,234.73,222.03,222.58,4948841,N/A,7.2121
22-03-2016,237.21,238.99,232.558,234.24,4315988,N/A,7.5899
21-03-2016,235.34,239.88,235,238.32,5307822,N/A,7.7221
18-03-2016,229.1,234.48,228.06,232.74,4711793,N/A,7.5413
17-03-2016,221.47,228.5,220,226.38,3782891,N/A,7.3352
16-03-2016,218,222.58,217.02,221.93,3516703,N/A,7.191
15-03-2016,214.27,218.97,211.5,218.34,3180452,N/A,7.0747
14-03-2016,212.65,216.72,210.64,215.15,4065706,N/A,6.9713
11-03-2016,207.93,209.42,205.33,207.5,3343077,N/A,6.7234
10-03-2016,210,213.29,200.671,205.18,5192523,N/A,6.6483
09-03-2016,204.52,209.373,202.79,208.72,3208554,N/A,6.763
08-03-2016,203.5,207.5,202.2,202.6,4178693,N/A,6.5647
07-03-2016,197.68,209.7,197.4,205.29,5337072,N/A,6.6518
04-03-2016,198,204.03,197.5,201.04,6489058,N/A,6.5141
03-03-2016,188.28,197.42,184.22,195.74,4829018,N/A,6.3424
02-03-2016,183.73,188.52,181.5,188.34,4862396,N/A,6.1026
01-03-2016,194.25,195.948,182.7,186.35,6712159,N/A,6.0381
29-02-2016,192.4,196.35,189.222,191.93,4498997,N/A,6.2189
26-02-2016,188.7,192,185,190.34,6065117,N/A,6.1674
25-02-2016,178.65,188.519,175.2,187.43,5750741,N/A,6.0731
24-02-2016,172.75,179.5,167.84,179,5395609,N/A,5.8
23-02-2016,176.16,181.73,173.68,177.21,5984374,N/A,5.742
22-02-2016,170.12,178.91,169.85,177.74,5060051,N/A,5.7592
19-02-2016,163.66,167.49,162.5,166.58,2959390,N/A,5.3975
18-02-2016,172.42,172.95,164.77,166.77,3887574,N/A,5.4037
17-02-2016,159,169.34,156.68,168.68,5825159,N/A,5.4656
16-02-2016,158.7,162.95,154.11,155.17,5593794,N/A,5.0278
15-02-2016,0,0,0,151.04,0,N/A,N/A
12-02-2016,155,157.01,143.7,151.04,7235783,N/A,4.894
11-02-2016,152,163.26,147,150.47,14252364,N/A,4.8755
10-02-2016,150.5,154.97,141.74,143.67,10406513,N/A,4.8926
09-02-2016,142.32,159.79,141.05,148.25,8651648,N/A,5.0486
08-02-2016,157.105,157.15,146,147.99,9312988,N/A,5.0398
05-02-2016,171.3,173,157.744,162.6,9437591,N/A,5.5373
04-02-2016,170.7,175.98,166.99,175.33,4385366,N/A,5.9708
03-02-2016,183.59,183.94,170.18,173.48,7931362,N/A,5.9078
02-02-2016,192.42,193.12,180.23,182.78,5773637,N/A,6.2245
01-02-2016,188.76,199.52,182.75,196.94,5297639,N/A,6.7067
29-01-2016,189.95,193.74,188.08,191.2,2852289,N/A,6.5113
28-01-2016,190.79,191.28,182.41,189.7,4592754,N/A,6.4602
27-01-2016,192.38,193.26,185.77,188.07,3617221,N/A,6.4047
26-01-2016,196.7,197.82,188.88,193.56,4964180,N/A,6.5916
25-01-2016,200.06,203.57,195.88,196.38,2698739,N/A,6.6877
22-01-2016,204.801,205.5,199.03,202.55,3124055,N/A,6.8978
21-01-2016,201.55,203.23,195.02,199.97,3166159,N/A,6.8099
20-01-2016,199.4,201.28,191.25,198.7,5838608,N/A,6.7667
19-01-2016,208.71,210.47,200.78,204.72,4038676,N/A,6.9717
18-01-2016,0,0,0,204.99,0,N/A,N/A
15-01-2016,198.97,205.07,197.25,204.99,5578640,N/A,6.9809
14-01-2016,202.21,210,193.38,206.18,6490741,N/A,7.0214
13-01-2016,212.01,212.65,200,200.31,4126416,N/A,6.8215
12-01-2016,211.6,213.74,205.31,209.97,3091917,N/A,7.1505
11-01-2016,214.01,214.45,203,207.85,4091422,N/A,7.0783
08-01-2016,217.86,220.44,210.77,211,3628058,N/A,7.1856
07-01-2016,214.19,218.44,213.67,215.65,3554251,N/A,7.3439
06-01-2016,220,220.05,215.98,219.04,3779128,N/A,7.4594
05-01-2016,226.36,226.89,220,223.43,3186752,N/A,7.6089
04-01-2016,230.72,231.38,219,223.41,6827146,N/A,7.6082
01-01-2016,0,0,0,240.01,0,N/A,N/A
31-12-2015,238.51,243.45,238.37,240.01,2715038,N/A,8.1735
30-12-2015,236.6,243.634,235.671,238.09,3697921,N/A,8.1081
29-12-2015,230.06,237.72,229.547,237.19,2406290,N/A,8.0774
28-12-2015,231.49,231.98,225.54,228.95,1901304,N/A,7.7968
25-12-2015,0,0,0,230.57,0,N/A,N/A
24-12-2015,230.56,231.88,228.28,230.57,710277,N/A,7.852
23-12-2015,232.18,233.45,228.13,229.7,1554979,N/A,7.8224
22-12-2015,234.99,236.55,229.63,229.95,1961495,N/A,7.8309
21-12-2015,231.69,235.83,231.08,232.56,1953174,N/A,7.9198
18-12-2015,232.89,235.9,229.29,230.46,3014170,N/A,7.8483
17-12-2015,233.94,237.76,229.815,233.39,3298638,N/A,7.948
16-12-2015,222.1,234.88,220.73,234.51,5104341,N/A,7.9862
15-12-2015,221.82,222.22,218,221.09,2244424,N/A,7.5292
14-12-2015,217.51,220.92,214.87,218.58,2831518,N/A,7.4437
11-12-2015,225.24,225.75,216.64,217.02,3268726,N/A,7.3906
10-12-2015,224.71,228.49,223.64,227.07,2071692,N/A,7.7328
09-12-2015,226.7,227.5,220.72,224.52,3057753,N/A,7.646
08-12-2015,227.52,228.8,224.2,226.72,2687636,N/A,7.7209
07-12-2015,227.7,235.63,226.15,231.13,3144223,N/A,7.8711
04-12-2015,232.46,233.27,227.66,230.38,2573603,N/A,7.8455
03-12-2015,235.48,237.45,230,232.71,2939564,N/A,7.9249
02-12-2015,237,238.6,231.23,231.99,2981468,N/A,7.9004
01-12-2015,231.06,238,231.05,237.19,3733955,N/A,8.0774
30-11-2015,231.79,234.28,229.08,230.26,2659813,N/A,7.8414
27-11-2015,231.06,232.25,227.01,231.61,1949353,N/A,7.8874
26-11-2015,0,0,0,229.64,0,N/A,N/A
25-11-2015,221.34,230.825,220.375,229.64,3990779,N/A,7.8203
24-11-2015,215.37,221,215,218.25,2480293,N/A,7.4325
23-11-2015,217.35,219.18,214.68,217.75,2526199,N/A,7.4154
20-11-2015,223.49,225,213.58,220.01,4400722,N/A,7.4924
19-11-2015,220.54,226.19,220.3,221.8,2504375,N/A,7.5533
18-11-2015,214.5,221.38,212.52,221.07,2811900,N/A,7.5285
17-11-2015,215.2,216,211.4,214,2148679,N/A,7.2877
16-11-2015,206.09,214.98,205.8,214.31,2925395,N/A,7.2983
13-11-2015,212.95,212.99,206.52,207.19,3430327,N/A,7.0558
12-11-2015,217.85,219,212.66,212.94,2915900,N/A,7.2516
11-11-2015,217.77,219.48,213.63,219.08,3347806,N/A,7.4607
10-11-2015,223.48,223.7,216.08,216.5,4617007,N/A,7.3729
09-11-2015,232.99,232.99,224.31,225.33,3850860,N/A,7.6736
06-11-2015,230.7,233.359,229.5,232.36,2445293,N/A,7.913
05-11-2015,230.58,234.584,229.19,231.77,4496843,N/A,7.8929
04-11-2015,227,232.74,225.2,231.63,12726366,N/A,7.8881
03-11-2015,213.85,214.44,207.75,208.35,8332486,N/A,7.1276
02-11-2015,208.92,215.8,207.22,213.79,3927944,N/A,7.3137
30-10-2015,210.4,211.63,203.89,206.93,4438901,N/A,7.079
29-10-2015,211.75,213.748,210.64,211.63,1805032,N/A,7.2398
28-10-2015,211.31,213.45,208.3,212.96,2728593,N/A,7.2853
27-10-2015,214.84,217.1,207.51,210.35,3519449,N/A,7.196
26-10-2015,211.38,215.88,210,215.26,3391438,N/A,7.364
23-10-2015,215,215.35,207.69,209.09,4235462,N/A,7.1529
22-10-2015,211.56,215.75,209.4,211.72,2825159,N/A,7.2429
21-10-2015,211.99,214.81,208.8,210.09,4183471,N/A,7.1871
20-10-2015,227.72,228.6,202,213.03,14900047,N/A,7.2877
19-10-2015,226.5,231.15,224.94,228.1,2507895,N/A,7.8033
16-10-2015,223.04,230.48,222.87,227.01,4334493,N/A,7.766
15-10-2015,216.43,221.73,213.7,221.31,2844233,N/A,7.571
14-10-2015,220.67,220.95,215.43,216.88,3104446,N/A,7.4194
13-10-2015,213.28,222.522,211.13,219.25,5171535,N/A,7.5005
12-10-2015,222.99,223,215.27,215.58,3836303,N/A,7.375
09-10-2015,220.93,224.37,218.36,220.69,6158370,N/A,7.5498
08-10-2015,230.08,230.72,221.31,226.72,6133216,N/A,7.7561
07-10-2015,236.63,237.7,229.12,231.96,6813959,N/A,7.9353
06-10-2015,240,243.03,235.58,241.46,5235897,N/A,8.2603
05-10-2015,248.84,249.84,244.13,246.15,3689865,N/A,8.4208
02-10-2015,235.6,247.7,234.93,247.57,4423982,N/A,8.4693
01-10-2015,247.51,248.5,237.13,239.88,4572964,N/A,8.2063
30-09-2015,252,252.4,242.34,248.4,4929582,N/A,8.4977
29-09-2015,250.46,254.73,245.46,246.65,3703154,N/A,8.4379
28-09-2015,257.35,259.79,246.61,248.43,4901057,N/A,8.4988
25-09-2015,266.61,266.91,256.15,256.91,3773392,N/A,8.7889
24-09-2015,259.53,263.45,256.21,263.12,3448191,N/A,9.0013
23-09-2015,261.95,262.08,257.584,261.06,2600778,N/A,8.9308
22-09-2015,259.03,262.65,255.87,260.94,3664353,N/A,8.9267
21-09-2015,263.98,271.57,255.8,264.2,6120155,N/A,9.0382
18-09-2015,257.96,263.82,257.5,260.62,3763064,N/A,8.9158
17-09-2015,263.96,265.5,260.69,262.07,3585812,N/A,8.9654
16-09-2015,253.04,262.88,252.88,262.25,4417081,N/A,8.9715
15-09-2015,252.75,254.6,249.5,253.57,2933466,N/A,8.6746
14-09-2015,251.1,254.25,249.67,253.19,2890851,N/A,8.6616
11-09-2015,247.64,250.24,244.73,250.24,2350844,N/A,8.5607
10-09-2015,247.23,250.723,245.33,248.48,2709024,N/A,8.5005
09-09-2015,252.05,254.25,248.303,248.91,3390788,N/A,8.5152
08-09-2015,245.05,249.16,244.05,248.17,3138231,N/A,8.4899
07-09-2015,0,0,0,241.93,0,N/A,N/A
04-09-2015,240.89,244.09,238.2,241.93,3689153,N/A,8.2764
03-09-2015,252.06,252.08,245,245.57,4194772,N/A,8.4009
02-09-2015,245.3,247.88,239.78,247.69,4629174,N/A,8.4734
01-09-2015,240.34,246,236.97,238.63,5454765,N/A,8.1635
31-08-2015,245.62,254.95,245.51,249.06,4700232,N/A,8.5203
28-08-2015,241.86,251.45,241.57,248.48,5513673,N/A,8.5005
27-08-2015,231,244.75,230.81,242.99,7655959,N/A,8.3127
26-08-2015,227.93,228,215.51,224.84,4963042,N/A,7.6917
25-08-2015,230.52,230.9,219.12,220.03,4327294,N/A,7.5272
24-08-2015,202.79,231.4,195,218.87,9581585,N/A,7.4875
21-08-2015,236,243.8,230.51,230.77,6590234,N/A,7.8946
20-08-2015,252.06,254.56,241.9,242.18,4905757,N/A,8.2849
19-08-2015,260.33,260.65,255.02,255.25,3604282,N/A,8.7321
18-08-2015,255.38,260.95,253.56,260.72,4195035,N/A,8.9192
17-08-2015,255.56,256.59,250.51,254.99,7176690,N/A,8.7232
14-08-2015,247.24,247.93,241.77,243.15,4364810,N/A,8.3181
13-08-2015,239.86,246.48,239.12,242.51,4689182,N/A,8.2962
12-08-2015,235,239.77,232.74,238.17,3739157,N/A,8.1478
11-08-2015,237.15,239.3,234.44,237.37,4264939,N/A,8.1204
10-08-2015,238.15,242.97,236.05,241.14,4185860,N/A,8.2494
07-08-2015,243.58,243.73,238.39,242.51,5073390,N/A,8.2962
06-08-2015,249.54,255,236.12,246.13,14623754,N/A,8.4201
05-08-2015,263.58,271,260.4,270.13,6214319,N/A,9.6719
04-08-2015,260.01,266.72,258.34,266.28,2352530,N/A,9.5341
03-08-2015,266.29,266.71,257.07,259.99,2553474,N/A,9.3089
31-07-2015,267.6,269.36,265.123,266.15,2222552,N/A,9.5294
30-07-2015,262.69,266.94,262.11,266.79,2034560,N/A,9.5523
29-07-2015,264.27,267.89,262,263.82,2790095,N/A,9.446
28-07-2015,255.75,265.4,251.837,264.82,3895808,N/A,9.4818
27-07-2015,262.43,264.432,250.79,253.01,4694192,N/A,9.059
24-07-2015,267.38,271.09,263.92,265.41,2836498,N/A,9.5029
23-07-2015,269.65,269.9,265.27,267.2,2227239,N/A,9.567
22-07-2015,261.27,269.44,260.86,267.87,3104960,N/A,9.591
21-07-2015,270.05,273.5,266.55,266.77,6108686,N/A,9.5516
20-07-2015,275,286.65,272.54,282.26,4978454,N/A,10.1062
17-07-2015,272.5,275.54,268.25,274.66,5004099,N/A,9.8341
16-07-2015,264.22,267.2,263.16,266.68,1615961,N/A,9.5484
15-07-2015,266.74,267.49,262.08,263.14,2021621,N/A,9.4217
14-07-2015,262.1,265.99,260.51,265.65,1907641,N/A,9.5115
13-07-2015,262.25,262.55,256.05,262.16,2960319,N/A,9.3866
10-07-2015,262.22,263,257.82,259.15,2610858,N/A,9.2788
09-07-2015,259.08,262.95,256.79,257.92,3334077,N/A,9.2348
08-07-2015,259.32,260.8,254.31,254.96,6221077,N/A,9.1288
07-07-2015,275,275.2,260.77,267.88,6105126,N/A,9.5914
06-07-2015,278.88,281.69,276.3,279.72,4121933,N/A,10.0153
03-07-2015,0,0,0,280.02,0,N/A,N/A
02-07-2015,280.195,282.45,273.31,280.02,7163930,N/A,10.026
01-07-2015,271.11,272.62,267.85,269.15,2101224,N/A,9.6368
30-06-2015,264.8,270.92,264,268.26,3086935,N/A,9.605
29-06-2015,261.95,265.95,260.7,262.02,3478909,N/A,9.3816
26-06-2015,268.89,269.11,266,267.09,3838434,N/A,9.5631
25-06-2015,266.45,271.41,265.25,268.79,2849204,N/A,9.624
24-06-2015,266.98,267.35,263.72,265.17,2412293,N/A,9.4943
23-06-2015,260.32,268,258.57,267.67,3870818,N/A,9.5839
22-06-2015,262.15,264.4,255.69,259.79,4561079,N/A,9.3017
19-06-2015,262.4,263.8,260.1,262.51,2463013,N/A,9.3991
18-06-2015,262,263.46,260.02,261.89,2782703,N/A,9.3769
17-06-2015,252.17,264.36,252.02,260.41,5512920,N/A,9.3239
16-06-2015,250.13,253.44,249.095,253.12,1984678,N/A,9.0629
15-06-2015,249.7,251.28,246.01,250.38,2186175,N/A,8.9648
12-06-2015,250.21,253.46,250.21,250.69,1422335,N/A,8.9759
11-06-2015,253.26,254.37,250.43,251.41,2044058,N/A,9.0017
10-06-2015,251.9,254,248.5,250.7,3454453,N/A,8.9763
09-06-2015,255.4,257.74,254.14,256,2611146,N/A,9.166
08-06-2015,250.85,258.75,250.31,256.29,5016997,N/A,9.1764
05-06-2015,246,249.7,245.68,249.14,3022026,N/A,8.9204
04-06-2015,247.5,249.3,245.71,245.92,2453615,N/A,8.8051
03-06-2015,248.2,250.72,247.01,248.99,1781505,N/A,8.915
02-06-2015,248.92,249.4,246.3,248.35,2134809,N/A,8.8921
01-06-2015,251.41,251.6,247.47,249.45,2505057,N/A,8.9315
29-05-2015,251,252.868,249.43,250.8,3789283,N/A,8.9798
28-05-2015,247.03,251.8,245.05,251.45,3647283,N/A,9.0031
27-05-2015,248.51,249.5,245.55,247.43,3407506,N/A,8.8592
26-05-2015,247.68,252,246.5,247.455,3498682,N/A,8.8601
25-05-2015,0,0,0,247.73,0,N/A,N/A
22-05-2015,245.38,248.6,245.01,247.73,2223089,N/A,8.8699
21-05-2015,243.03,246.62,242.357,245.62,1970643,N/A,8.7944
20-05-2015,247.13,247.74,241.372,244.35,3755569,N/A,8.7489
19-05-2015,248.43,251,246.15,247.14,3674231,N/A,8.8488
18-05-2015,247,249.9,246,248.75,3353212,N/A,8.9064
15-05-2015,243.93,249.4,242.5,248.84,4527563,N/A,8.9097
14-05-2015,244.82,244.89,241.25,244.1,2895936,N/A,8.7399
13-05-2015,247.61,248.3,242.25,243.18,5440165,N/A,8.707
12-05-2015,240.11,246.35,238.19,244.74,6363429,N/A,8.7629
11-05-2015,236.29,242.88,235.31,239.49,5672262,N/A,8.5749
08-05-2015,235.99,238.41,233.7,236.61,4668236,N/A,8.4718
07-05-2015,221,237.48,220.25,236.8,9455909,N/A,8.4786
06-05-2015,234.1,234.47,228.2,230.43,5270933,N/A,9.0418
05-05-2015,237.76,239.5,229.13,232.95,5796873,N/A,9.1407
04-05-2015,228.18,234.73,227.11,230.51,4434596,N/A,9.045
01-05-2015,229.94,231.77,220.405,226.03,5281689,N/A,8.8692
30-04-2015,230.39,232.89,225.17,226.05,3911857,N/A,8.87
29-04-2015,230.05,234.97,227.63,232.45,3936077,N/A,9.1211
28-04-2015,234.75,235.5,228.03,230.48,6085379,N/A,9.0438
27-04-2015,222.56,238.75,222,231.55,11672627,N/A,9.0858
24-04-2015,220.5,220.8,218.01,218.425,2427843,N/A,8.5708
23-04-2015,218.27,221.48,217.15,218.6,4411184,N/A,8.5776
22-04-2015,212.5,221.88,211.69,219.44,7863037,N/A,8.6106
21-04-2015,205.8,210.75,204.31,209.41,3432541,N/A,8.217
20-04-2015,206.78,207.85,203.85,205.27,2559251,N/A,8.0546
17-04-2015,204.99,206.88,203.5,206.79,2469926,N/A,8.1142
16-04-2015,207.7,209.17,206.29,206.7,1659059,N/A,8.1107
15-04-2015,207.46,209.59,206.6,207.83,1952378,N/A,8.155
14-04-2015,208.57,209.49,205.5,207.46,3025963,N/A,8.1405
13-04-2015,210.435,213,209.05,209.78,3758230,N/A,8.2316
10-04-2015,209.85,211.65,209,210.9,4067676,N/A,8.2755
09-04-2015,208.43,210.37,206.12,210.09,3800225,N/A,8.2437
08-04-2015,208.2,210.9,205.87,207.67,6303117,N/A,8.1488
07-04-2015,202.51,205.06,201.14,203.25,4347864,N/A,7.9753
06-04-2015,198,207.75,197.5,203.1,12455811,N/A,7.9694
03-04-2015,0,0,0,191,0,N/A,N/A
02-04-2015,190.23,193.23,190,191,5010368,N/A,7.4946
01-04-2015,188.7,192.3,186.05,187.59,3794621,N/A,7.3608
31-03-2015,193.53,193.76,188.41,188.77,5026569,N/A,7.4071
30-03-2015,185.85,192.25,181.8,190.57,10089516,N/A,7.4778
27-03-2015,189.07,189.29,181.4,185,8604947,N/A,7.2592
26-03-2015,193.92,194.79,189.7,190.405,4127956,N/A,7.4713
25-03-2015,198.27,198.59,192.7,194.3,5730389,N/A,7.6241
24-03-2015,201.58,203.79,199.75,201.72,3649860,N/A,7.9153
23-03-2015,198.5,200.5,197.47,199.63,2631626,N/A,7.8333
20-03-2015,197.45,198.99,195.621,198.08,4269467,N/A,7.7725
19-03-2015,202,204.59,194.53,195.65,8475244,N/A,7.6771
18-03-2015,194.96,200.88,193.11,200.71,4820936,N/A,7.8757
17-03-2015,195.43,198.71,193.94,194.73,4894052,N/A,7.641
16-03-2015,192,195.91,189.8,195.7,5628783,N/A,7.6791
13-03-2015,188.95,191.75,187.32,188.68,5434298,N/A,7.4036
12-03-2015,193.75,194.45,189.75,191.07,4149294,N/A,7.4974
11-03-2015,191.15,196.18,191.01,193.74,4974871,N/A,7.6022
10-03-2015,188.46,193.5,187.6,190.32,5579691,N/A,7.468
09-03-2015,194.39,194.49,188.25,190.88,6736724,N/A,7.4899
06-03-2015,199.21,200.75,192.151,193.88,6712438,N/A,7.6077
05-03-2015,202.85,206.19,200.15,200.63,4877015,N/A,7.8725
04-03-2015,199.25,202.52,197.21,202.435,4221962,N/A,7.9433
03-03-2015,196.81,200.243,195.32,199.56,4432329,N/A,7.8305
02-03-2015,202.7,203.34,195.825,197.325,7922065,N/A,7.7428
27-02-2015,206.9,208.55,202.8,203.34,3882084,N/A,7.9789
26-02-2015,204,211.09,202.22,207.19,6472855,N/A,8.1299
25-02-2015,204.94,207.14,202.58,203.76,3909520,N/A,7.9953
24-02-2015,207.29,207.29,201.7,204.11,6603560,N/A,8.0091
23-02-2015,215.66,218.2,206.33,207.335,8499775,N/A,8.1356
20-02-2015,210.78,217.6,209.81,217.11,5982089,N/A,8.5192
19-02-2015,205,212.44,203.75,211.705,5154148,N/A,8.3071
18-02-2015,204.17,206.17,202.6,204.46,2713598,N/A,8.0228
17-02-2015,205.7,205.7,201.5,204.35,3979647,N/A,8.0185
16-02-2015,0,0,0,203.77,0,N/A,N/A
13-02-2015,202.9,205.99,200.91,203.77,6191003,N/A,7.9957
12-02-2015,193.57,203.088,193.28,202.88,15649607,N/A,7.9608
11-02-2015,212.21,214.74,207.28,212.8,9769102,N/A,9.3041
10-02-2015,217.55,220.5,215,216.29,5390542,N/A,9.4566
09-02-2015,215.38,217.93,211.99,217.48,3472423,N/A,9.5087
06-02-2015,222,223.4,216.5,217.36,3243931,N/A,9.5034
05-02-2015,219.88,225.48,219.638,220.99,3522947,N/A,9.6621
04-02-2015,218.29,221.479,216.8,218.55,3305377,N/A,9.5555
03-02-2015,213.22,220.37,211.27,218.36,4826244,N/A,9.5471
02-02-2015,203.97,211.95,203.3,210.94,4149186,N/A,9.2227
30-01-2015,203.96,207.47,203,203.6,3006959,N/A,8.9018
29-01-2015,201.07,205.98,196.5,205.2,3548106,N/A,8.9718
28-01-2015,206.11,206.368,198.42,199.37,3149606,N/A,8.7169
27-01-2015,204.42,208.03,203.3,205.98,2781024,N/A,9.0059
26-01-2015,201.83,208.62,201.05,206.55,3234522,N/A,9.0308
23-01-2015,200.29,203.5,198.33,201.29,3442371,N/A,8.8008
22-01-2015,197,203.24,195.2,201.62,4116905,N/A,8.8152
21-01-2015,189.55,198.68,189.51,196.57,4153043,N/A,8.5944
20-01-2015,193.87,194.12,187.04,191.93,4503182,N/A,8.3916
19-01-2015,0,0,0,193.07,0,N/A,N/A
16-01-2015,190.7,194.49,189.65,193.07,3603158,N/A,8.4414
15-01-2015,194.49,195.75,190,191.87,5216524,N/A,8.389
14-01-2015,185.83,195.2,185,192.69,11551855,N/A,8.4248
13-01-2015,203.32,207.61,200.911,204.25,4477320,N/A,8.9302
12-01-2015,203.05,204.47,199.25,202.21,5950280,N/A,8.841
09-01-2015,208.92,209.98,204.96,206.66,4668295,N/A,9.0356
08-01-2015,212.81,213.8,210.01,210.615,3442509,N/A,9.2085
07-01-2015,213.35,214.78,209.78,210.95,2968390,N/A,9.2232
06-01-2015,210.06,214.2,204.21,211.28,6261936,N/A,9.2376
05-01-2015,214.55,216.5,207.163,210.09,5368477,N/A,9.1856
02-01-2015,222.87,223.25,213.26,219.31,4764443,N/A,9.5887
01-01-2015,0,0,0,222.41,0,N/A,N/A
31-12-2014,223.09,225.68,222.25,222.41,2402097,N/A,9.7242
30-12-2014,223.99,225.654,221.4,222.23,2903242,N/A,9.7164
29-12-2014,226.9,227.91,224.02,225.71,2811410,N/A,9.8685
26-12-2014,221.51,228.5,221.5,227.82,3327016,N/A,9.9608
25-12-2014,0,0,0,222.26,0,N/A,N/A
24-12-2014,219.77,222.5,219.25,222.26,1333518,N/A,9.7177
23-12-2014,223.81,224.315,219.524,220.97,4513321,N/A,9.6613
22-12-2014,220,224.06,218.26,222.6,4806917,N/A,9.7325
19-12-2014,220.19,220.4,214.5,219.29,6910461,N/A,9.5878
18-12-2014,212.38,218.44,211.8,218.26,7483349,N/A,9.5428
17-12-2014,193.06,206.65,192.65,205.82,7367834,N/A,8.9989
16-12-2014,200.89,203.68,195.37,197.81,8426105,N/A,8.6487
15-12-2014,209.29,209.8,202.67,204.04,5218252,N/A,8.921
12-12-2014,204.82,211.68,204.5,207,7173782,N/A,9.0505
11-12-2014,210.53,215.43,208.23,208.88,6694398,N/A,9.1327
10-12-2014,214.13,216.77,207.7,209.84,7314139,N/A,9.1746
09-12-2014,209.34,217.729,204.27,216.89,9431502,N/A,9.4829
08-12-2014,221.54,224.86,212.34,214.36,9225619,N/A,9.3723
05-12-2014,228.67,229.389,222.26,223.71,6063619,N/A,9.7811
04-12-2014,228.6,230.9,227.81,228.28,3879208,N/A,9.9809
03-12-2014,226.25,229.72,225.5,229.3,5307733,N/A,10.0255
02-12-2014,234.57,234.88,228,231.43,5887046,N/A,10.1186
01-12-2014,241.16,242.47,229.01,231.64,8619351,N/A,10.1278
28-11-2014,245.35,246.69,242.52,244.52,2119688,N/A,10.6909
27-11-2014,0,0,0,248.44,0,N/A,N/A
26-11-2014,248.34,249,246.6,248.44,1981819,N/A,10.8623
25-11-2014,247.35,249.72,246.09,248.09,3159804,N/A,10.847
24-11-2014,245.2,247.6,240.64,246.72,4789708,N/A,10.7871
21-11-2014,252.21,252.78,242.17,242.78,7485059,N/A,10.6148
20-11-2014,247.95,250.93,246,248.71,3587220,N/A,10.8741
19-11-2014,250.61,251.88,245.6,247.74,7918486,N/A,10.8317
18-11-2014,255.86,259.99,255.51,257.7,4473070,N/A,11.2672
17-11-2014,257.49,259,252.02,253.98,4025695,N/A,11.1045
14-11-2014,250,258.85,248.5,258.68,6101145,N/A,11.31
13-11-2014,250.62,255.75,250.25,251.7,6236036,N/A,11.0048
12-11-2014,249.72,252.34,245.58,249.1,5870818,N/A,10.8912
11-11-2014,242.55,251.82,242,251.08,7952565,N/A,10.9777
10-11-2014,239.11,242.88,236.8,241.93,4577208,N/A,10.5777
07-11-2014,242.19,242.84,237.2,240.2,5161023,N/A,10.502
06-11-2014,234.49,246.69,228.5,241.22,15354717,N/A,10.5466
05-11-2014,241,241.36,230.53,230.97,9045925,N/A,11.7786
04-11-2014,240.49,242.35,236.53,238.93,3682572,N/A,12.1845
03-11-2014,243,247.56,241.32,242.59,4207268,N/A,12.3711
31-10-2014,242.51,243.12,238.75,241.7,3775327,N/A,12.3258
30-10-2014,238.14,240.5,235.06,238.66,3228371,N/A,12.1707
29-10-2014,241.13,241.5,235.64,238.1,4967640,N/A,12.1422
28-10-2014,229.6,244.6,228.25,242.77,10516297,N/A,12.3803
27-10-2014,234.25,234.61,220.31,221.67,9553348,N/A,11.3043
24-10-2014,236.27,237.8,231.2,235.24,3466927,N/A,11.9963
23-10-2014,234.655,236.28,232,235.29,3499882,N/A,11.9989
22-10-2014,233.19,237.39,230.56,231.1,4123397,N/A,11.7852
21-10-2014,234.27,235.39,230.8,235.34,4130345,N/A,12.0014
20-10-2014,226.72,232.4,225.51,230.47,3499686,N/A,11.7531
17-10-2014,233.38,234.77,226.55,227.48,10551850,N/A,11.6006
16-10-2014,219.72,229.92,219.1,226.35,5404565,N/A,11.543
15-10-2014,220,230.99,217.32,229.7,9151648,N/A,11.7138
14-10-2014,228.25,232.47,223,227.06,7112339,N/A,11.5792
13-10-2014,238.57,238.963,221,224.59,11276552,N/A,11.4532
10-10-2014,244.64,245.89,235.2,236.91,12898275,N/A,12.0815
09-10-2014,262.25,265.54,254.4,257.01,7361316,N/A,13.1065
08-10-2014,260.1,262.88,252.64,259.28,5062615,N/A,13.2223
07-10-2014,258.53,261.46,255.73,259.57,4491569,N/A,13.2371
06-10-2014,259.13,262.49,257.8,260.62,7719055,N/A,13.2906
03-10-2014,253.06,256.5,251.033,255.21,5408665,N/A,13.0147
02-10-2014,250.2,252.79,245.36,251.42,9002001,N/A,12.8214
01-10-2014,242.2,242.66,235.65,240.24,5946510,N/A,12.2513
30-09-2014,246.92,247.65,240.125,242.68,4248127,N/A,12.3757
29-09-2014,244,248.64,241.38,245.26,4854687,N/A,12.5073
26-09-2014,248.25,249.73,246.07,246.6,3798841,N/A,12.5756
25-09-2014,252.52,254.96,246.1,246.95,4843712,N/A,12.5935
24-09-2014,251.12,252.84,247.04,252.14,3754376,N/A,12.8582
23-09-2014,245.22,253.8,245,250.41,5660048,N/A,12.7699
22-09-2014,255,256.02,244.71,250.03,8222963,N/A,12.7506
19-09-2014,257.99,261.43,255.27,259.32,6811714,N/A,13.2243
18-09-2014,263.36,265.6,262.32,263.82,3699314,N/A,13.4538
17-09-2014,262.41,264.7,259.5,261.38,5179923,N/A,13.3294
16-09-2014,255.15,262.46,252.42,260.74,8303972,N/A,13.2967
15-09-2014,274.37,274.4,249.13,253.86,16464952,N/A,12.9459
12-09-2014,280.5,282.39,277,279.2,3328302,N/A,14.2381
11-09-2014,280.46,284.79,278.63,280.31,3768584,N/A,14.2947
10-09-2014,279.5,281.41,273.66,281.1,3785988,N/A,14.335
09-09-2014,282.99,285.49,277,278.48,4567958,N/A,14.2014
08-09-2014,277.62,284.88,277.523,282.11,5505040,N/A,14.3865
05-09-2014,282.55,282.9,272.51,277.39,11176167,N/A,14.1458
04-09-2014,284.01,291.42,280.4,286.04,8341749,N/A,14.5869
03-09-2014,287.67,288,280.1,281.19,6779735,N/A,14.3396
02-09-2014,275.5,284.89,274.3,284.12,9852351,N/A,14.489
01-09-2014,0,0,0,269.7,0,N/A,N/A
29-08-2014,268.7,272,267.51,269.7,6453958,N/A,13.7537
28-08-2014,261.89,264.48,261.64,263.86,2854737,N/A,13.4558
27-08-2014,263.5,264.24,260.29,263.25,2990532,N/A,13.4247
26-08-2014,264.98,265.5,261.66,261.74,3822572,N/A,13.3477
25-08-2014,258.19,263.68,258.19,262.55,4318053,N/A,13.389
22-08-2014,254.54,256.95,252.61,256.78,2836959,N/A,13.0948
21-08-2014,256.52,258.8,253.26,254.34,2919241,N/A,12.9704
20-08-2014,254.67,258.74,253,255.71,3027863,N/A,13.0402
19-08-2014,258.87,259.33,251.62,256.76,5340136,N/A,13.0938
18-08-2014,263.25,267.26,259.75,259.94,5849231,N/A,13.2559
15-08-2014,261.48,262.09,258.5,262.01,3862100,N/A,13.3615
14-08-2014,262.49,263,258.54,261.38,4126634,N/A,13.3294
13-08-2014,262.01,265.64,259.61,260.31,6932628,N/A,13.2748
12-08-2014,258.08,260.3,254.58,259.96,6390412,N/A,13.257
11-08-2014,255.48,263.74,255,259.32,8101276,N/A,13.2243
08-08-2014,251.16,251.76,246.5,248.13,5099061,N/A,12.6537
07-08-2014,250.12,256.688,249.12,252.39,7478926,N/A,12.8709
06-08-2014,238.9,251.42,238.58,248.93,9249265,N/A,12.6945
05-08-2014,237.47,242.99,235.69,238.49,5388581,N/A,12.1621
04-08-2014,234.38,240.5,233.27,238.52,5967406,N/A,12.1636
01-08-2014,226.09,237.5,226,233.27,11898133,N/A,11.8959
31-07-2014,229.26,231.4,221.5,223.3,7749058,N/A,13.3048
30-07-2014,221.92,229.6,221.04,228.92,4927823,N/A,13.6396
29-07-2014,226.61,228.3,224.86,225.01,3387187,N/A,13.4067
28-07-2014,224.25,232,221.402,224.82,6517611,N/A,13.3954
25-07-2014,222.72,226.97,221.75,223.57,3090383,N/A,13.3209
24-07-2014,223.25,225.1,220.8,223.54,3248410,N/A,13.3191
23-07-2014,220.01,224.75,219.43,222.49,3088731,N/A,13.2565
22-07-2014,222.19,223.3,219.111,219.58,2732485,N/A,13.0831
21-07-2014,217.25,223.21,216.72,220.54,3825251,N/A,13.1403
18-07-2014,215.95,221.21,215.93,220.02,4260618,N/A,13.1094
17-07-2014,216.16,220.55,213.6,215.4,4650956,N/A,12.8341
16-07-2014,221.82,224.8,216.82,217.16,4051097,N/A,12.939
15-07-2014,226.73,227.65,218.1,219.58,5732031,N/A,13.0831
14-07-2014,219.99,228.79,215.45,226.7,7208573,N/A,13.5074
11-07-2014,220.61,221.6,217.6,218.13,3307113,N/A,12.9967
10-07-2014,217.18,222.22,216.04,219.46,4865246,N/A,13.076
09-07-2014,221.27,224.22,219.21,223.06,4117729,N/A,13.2905
08-07-2014,218.65,220.96,214.27,219.07,7846165,N/A,13.0528
07-07-2014,227.5,229.78,220.4,222.66,5901080,N/A,13.2667
04-07-2014,0,0,0,229.25,0,N/A,N/A
03-07-2014,231.29,231.898,224,229.25,5166716,N/A,13.6593
02-07-2014,240.66,242.33,227.07,229.425,8035072,N/A,13.6697
01-07-2014,242.46,243.44,238.7,239.72,4341242,N/A,14.2831
30-06-2014,239.55,244.49,239,240.06,4833602,N/A,14.3034
27-06-2014,234.69,240,234.5,239.06,5638787,N/A,14.2438
26-06-2014,237.17,240.4,234.211,235.6,5122972,N/A,14.0377
25-06-2014,233.05,237.55,230.24,236.891,5803257,N/A,14.1146
24-06-2014,238.97,241.88,231.628,232.5,8081109,N/A,13.8529
23-06-2014,229.51,238.99,228.22,237.22,7800189,N/A,14.1342
20-06-2014,228.52,231.29,226.2,229.59,4908077,N/A,13.6796
19-06-2014,228.88,235.31,227,227.79,8801907,N/A,13.5723
18-06-2014,231.5,231.71,226.12,227.12,6947053,N/A,13.5324
17-06-2014,224.11,235.54,222.85,231.67,13304907,N/A,13.8035
16-06-2014,206.76,225.49,206.26,224.61,13246352,N/A,13.3828
13-06-2014,204.78,206.79,201.584,206.42,3546789,N/A,12.299
12-06-2014,205.1,209.88,202.71,203.52,5997144,N/A,12.1262
11-06-2014,201.5,205,199.251,204.47,3980491,N/A,12.1828
10-06-2014,204.43,206.97,201.55,202.3,3522336,N/A,12.0536
09-06-2014,207.95,209.99,204.2,205.31,2813066,N/A,12.2329
06-06-2014,209.75,210.81,207.18,208.171,3074900,N/A,12.4034
05-06-2014,204.47,209.2,204.05,206.9,4059285,N/A,12.3276
04-06-2014,204.35,206.26,200.396,203.99,3434502,N/A,12.1543
03-06-2014,203.49,208,202.59,204.94,3866182,N/A,12.2109
02-06-2014,207.33,209.35,201.67,204.7,4668115,N/A,12.1966
30-05-2014,210.3,214.8,207.02,207.77,5586068,N/A,12.3795
29-05-2014,210.57,212.49,207.72,210.24,3694596,N/A,12.5266
28-05-2014,210.02,212.77,205.26,210.24,5496278,N/A,12.5266
27-05-2014,208.52,213.87,207.7,211.56,5346788,N/A,12.6053
26-05-2014,0,0,0,207.3,0,N/A,N/A
23-05-2014,204.53,207.76,202.5,207.3,4010931,N/A,12.3515
22-05-2014,200.35,206.88,199.56,204.88,6216255,N/A,12.2073
21-05-2014,196.18,199.87,194.79,199.45,5290755,N/A,11.8837
20-05-2014,196.94,199.33,193.07,195.3,5553877,N/A,11.6365
19-05-2014,190.72,196.89,190,196.09,4571660,N/A,11.6835
16-05-2014,188.95,192.04,187.72,191.56,4489312,N/A,11.4136
15-05-2014,189.98,192.66,185.3,188.59,6046139,N/A,11.2367
14-05-2014,188.95,193.48,187.1,190.62,5414945,N/A,11.3576
13-05-2014,183.76,191.34,183,190.16,7097242,N/A,11.3302
12-05-2014,183.87,187.19,179.88,184.67,7004330,N/A,11.0031
09-05-2014,179.86,183.4,177.22,182.26,8495159,N/A,10.8595
08-05-2014,182,194.4,178,178.59,20056592,N/A,10.6409
07-05-2014,209.64,210.2,197.25,201.35,10179291,N/A,12.28
06-05-2014,216.6,218.66,206.85,207.28,5636725,N/A,12.6417
05-05-2014,209.48,217.69,208.52,216.61,5152343,N/A,13.2107
02-05-2014,208.6,211.36,206.52,210.91,4091394,N/A,12.863
01-05-2014,207.08,214.02,205.69,207.73,5444670,N/A,12.6691
30-04-2014,203.6,208.16,201.28,207.89,4443453,N/A,12.6789
29-04-2014,198.21,207.149,195.53,206.92,5787369,N/A,12.6197
28-04-2014,200,203.79,190.5,198.51,7041983,N/A,12.1068
25-04-2014,202,206.7,197.65,199.85,6996658,N/A,12.1885
24-04-2014,210.81,212.8,203.2,207.86,5504768,N/A,12.677
23-04-2014,216.33,216.74,207,207.99,7295609,N/A,12.685
22-04-2014,206.36,219.33,205.01,218.64,9809333,N/A,13.3345
21-04-2014,197.08,206.2,194,204.38,5266490,N/A,12.4648
18-04-2014,0,0,0,198.12,0,N/A,N/A
17-04-2014,199.61,202.29,194.08,198.12,5929506,N/A,12.083
16-04-2014,197,199.99,190.82,199.11,7205319,N/A,12.1434
15-04-2014,199.09,199.29,184.32,193.91,13667071,N/A,11.8262
14-04-2014,207.6,208.44,194.41,198.09,7703031,N/A,12.0812
11-04-2014,200.61,207,198.6,203.78,9071300,N/A,12.4282
10-04-2014,216.82,217.5,203.79,204.19,7211492,N/A,12.4532
09-04-2014,216.76,218.45,210.89,216.93,5157923,N/A,13.2302
08-04-2014,210.05,216.49,206.42,215.46,6889296,N/A,13.1405
07-04-2014,205.81,216.2,203.51,207.52,9855478,N/A,12.6563
04-04-2014,226.01,228.27,211.25,212.225,11345618,N/A,12.9432
03-04-2014,230.3,235.73,222,225.4,10923734,N/A,13.7468
02-04-2014,220,230.89,218.05,230.29,10782251,N/A,14.045
01-04-2014,209.02,218.16,208.58,216.97,7371422,N/A,13.2326
31-03-2014,216.5,216.75,206.39,208.45,8380023,N/A,12.713
28-03-2014,212.8,216.72,210.27,212.37,9684761,N/A,12.9521
27-03-2014,212.37,213.6,203,207.32,9505307,N/A,12.6441
26-03-2014,221.95,222.6,211.35,212.96,6907306,N/A,12.9881
25-03-2014,224.14,227.05,217.9,220.44,7865375,N/A,13.4443
24-03-2014,229.75,229.9,210.27,220.17,11332947,N/A,13.4278
21-03-2014,236.02,236.2,227.5,228.89,8227311,N/A,13.9596
20-03-2014,236.16,239.25,233.36,234.91,3815358,N/A,14.3268
19-03-2014,241.39,241.55,233.51,235.84,5071327,N/A,14.3835
18-03-2014,236.95,241.5,235.02,240.04,6242349,N/A,14.6396
17-03-2014,234.95,237.93,230.5,233.98,5912592,N/A,14.27
14-03-2014,235.29,236.936,228.32,230.97,8289733,N/A,14.0865
13-03-2014,243.79,244.19,234,237.79,6236325,N/A,14.5024
12-03-2014,231.5,247.5,231.11,241.49,9763911,N/A,14.7281
11-03-2014,236.5,244.6,232.426,234.41,8836349,N/A,14.2963
10-03-2014,242.7,243,236.06,238.84,7745751,N/A,14.5665
07-03-2014,252.94,254.85,244.41,246.21,7818465,N/A,15.0159
06-03-2014,254.14,257.5,249.45,252.94,7374719,N/A,15.4264
05-03-2014,256.72,256.99,251.8,252.66,5946736,N/A,15.4093
04-03-2014,258.48,260,252.83,254.84,8765392,N/A,15.5423
03-03-2014,237.26,251.65,234.99,250.56,13109303,N/A,15.2812
28-02-2014,249.65,252.68,242.55,244.81,14612693,N/A,14.9306
27-02-2014,261.25,261.9,248.33,252.54,17970708,N/A,15.402
26-02-2014,258.58,265,247.5,253,24771194,N/A,15.43
25-02-2014,230,259.2,228.45,248,32797000,N/A,15.1251
24-02-2014,208.76,218.36,208.32,217.65,8303133,N/A,13.2741
21-02-2014,211.64,213.98,209.19,209.6,7828981,N/A,12.7832
20-02-2014,215.01,215.21,206.27,209.97,18022262,N/A,12.8057
19-02-2014,203.7,203.7,193.41,193.64,16419899,N/A,13.7453
18-02-2014,205.244,206,201.36,203.7,9355871,N/A,14.4594
17-02-2014,0,0,0,198.23,0,N/A,N/A
14-02-2014,198.1,201.88,197,198.23,6173462,N/A,14.0712
13-02-2014,193.34,202.72,193.25,199.63,8174049,N/A,14.1705
12-02-2014,195.78,198.269,194.32,195.32,5181313,N/A,13.8646
11-02-2014,198.97,202.2,192.7,196.62,10734472,N/A,13.9569
10-02-2014,189.34,199.3,189.32,196.56,12989286,N/A,13.9526
07-02-2014,181.01,186.63,179.6,186.53,8964054,N/A,13.2406
06-02-2014,176.3,180.11,176,178.38,5847953,N/A,12.6621
05-02-2014,178.3,180.59,169.36,174.42,7275952,N/A,12.381
04-02-2014,180.7,181.6,176.2,178.73,4690883,N/A,12.687
03-02-2014,182.89,184.88,175.16,177.11,6778609,N/A,12.572
31-01-2014,178.85,186,178.515,181.41,6512951,N/A,12.8772
30-01-2014,178,184.78,177.01,182.84,8575210,N/A,12.9787
29-01-2014,175.3,179.09,173.131,175.23,5956817,N/A,12.4385
28-01-2014,171.5,178.98,171,178.38,6128237,N/A,12.6621
27-01-2014,175.16,177.92,164.71,169.62,8737773,N/A,12.0403
24-01-2014,177.85,180.48,173.531,174.6,7711296,N/A,12.3938
23-01-2014,177.23,182.38,173.42,181.5,7899515,N/A,12.8836
22-01-2014,177.81,180.319,174.76,178.56,7036758,N/A,12.6749
21-01-2014,171.24,177.29,170.81,176.68,9745765,N/A,12.5414
20-01-2014,0,0,0,170.01,0,N/A,N/A
17-01-2014,170.19,173.2,167.95,170.01,9216028,N/A,12.068
16-01-2014,162.5,172.7,162.4,170.97,11982099,N/A,12.1361
15-01-2014,168.45,172.23,162.1,164.13,20488980,N/A,11.6506
14-01-2014,140.5,162,136.671,161.27,27935828,N/A,11.4476
13-01-2014,145.78,147,137.82,139.34,6324647,N/A,9.8909
10-01-2014,148.46,148.9,142.25,145.72,7450531,N/A,10.3438
09-01-2014,152.5,153.43,146.85,147.53,5388905,N/A,10.4723
08-01-2014,148.85,153.7,148.76,151.28,6166674,N/A,10.7385
07-01-2014,147.62,150.4,145.25,149.36,5041806,N/A,10.6022
06-01-2014,150,150.4,145.24,147,5367320,N/A,10.4346
03-01-2014,150,152.19,148.601,149.56,4698839,N/A,10.6164
02-01-2014,149.8,152.477,146.55,150.1,6195355,N/A,10.6547
01-01-2014,0,0,0,150.429,0,N/A,N/A
31-12-2013,152.32,153.2,148.661,150.429,4266710,N/A,10.678
30-12-2013,151.12,154.81,150.75,152.44,4472076,N/A,10.8208
27-12-2013,155.3,155.5,150.8,151.12,5469064,N/A,10.7271
26-12-2013,155.04,158,154.29,155.5,7129526,N/A,11.038
25-12-2013,0,0,0,151.41,0,N/A,N/A
24-12-2013,150,154.97,149.82,151.41,9941485,N/A,10.7477
23-12-2013,144.85,146.24,142.601,143.55,5385506,N/A,10.1898
20-12-2013,141.58,144.35,141.58,143.24,7422537,N/A,10.1677
19-12-2013,146.9,147,139.1,140.72,12758613,N/A,9.9889
18-12-2013,152.24,154.9,145.95,147.98,11581897,N/A,10.5042
17-12-2013,147.58,154.63,146.324,152.46,10494969,N/A,10.8222
16-12-2013,148.48,150.43,146.1,147.94,6675276,N/A,10.5014
13-12-2013,148.05,151.8,147.32,147.654,10599775,N/A,10.4811
12-12-2013,139.7,148.24,138.53,147.47,10767791,N/A,10.468
11-12-2013,141.88,143.05,139.49,139.65,7137842,N/A,9.9129
10-12-2013,140.05,145.87,139.86,142.19,10748234,N/A,10.0932
09-12-2013,137,141.7,134.21,141.6,9061485,N/A,10.0513
06-12-2013,141.51,142.49,136.3,137.36,7909596,N/A,9.7504
05-12-2013,140.15,143.35,139.5,140.48,9288415,N/A,9.9718
04-12-2013,144.32,144.43,137.13,138.95,13147688,N/A,9.8632
03-12-2013,132.68,144.94,131.59,144.7,25682404,N/A,10.2714
02-12-2013,126.35,128.55,123.931,124.17,7751211,N/A,8.8141
29-11-2013,129.77,130.59,126.98,127.28,9716219,N/A,9.0348
28-11-2013,0,0,0,126.94,0,N/A,N/A
27-11-2013,121.33,126.95,119.52,126.94,12367634,N/A,9.0107
26-11-2013,119.38,122.72,116.1,120.5,13885522,N/A,8.5536
25-11-2013,124.5,125.84,120.3,120.84,10275348,N/A,8.5777
22-11-2013,121.58,122.75,117.93,121.38,11104146,N/A,8.616
21-11-2013,122.89,124.789,120.25,122.1,11903803,N/A,8.6671
20-11-2013,126.08,127.45,119.06,121.11,13849554,N/A,8.5969
19-11-2013,119.43,129,119.22,126.09,19816154,N/A,8.9504
18-11-2013,135.27,135.45,119.61,121.58,23138242,N/A,8.6302
15-11-2013,136.85,137.95,134.35,135.45,9900176,N/A,9.6148
14-11-2013,138.92,140.4,134.111,137.6,12203700,N/A,9.7674
13-11-2013,140.84,142.37,136.342,138.7,12658272,N/A,9.8455
12-11-2013,144.69,144.7,136.18,137.8,14985162,N/A,9.7816
11-11-2013,141,145.42,137.1,144.698,13997591,N/A,10.2712
08-11-2013,136.48,140.6,132.32,137.95,22477860,N/A,9.7922
07-11-2013,144.19,145.65,137.62,139.772,22284744,N/A,9.9216
06-11-2013,154.81,160.73,146.355,151.16,31071726,N/A,10.7299
05-11-2013,180,181.43,171.36,176.81,22467100,N/A,15.791
04-11-2013,165,175.39,164.22,175.2,13120374,N/A,15.6472
01-11-2013,163,165.9,160.41,162.17,7180583,N/A,14.4835
31-10-2013,155.67,162.44,153.3,159.94,9340455,N/A,14.2843
30-10-2013,164.63,167.68,158.17,159.22,8401756,N/A,14.22
29-10-2013,162.76,165.446,153,164.47,14111737,N/A,14.6889
28-10-2013,170.18,170.5,162.2,162.86,7841727,N/A,14.5451
25-10-2013,174.21,174.5,166.8,169.66,7595458,N/A,15.1524
24-10-2013,165,174.5,162.826,173.15,10825667,N/A,15.4641
23-10-2013,168.91,171.81,160.15,164.5,13327739,N/A,14.6916
22-10-2013,170.5,177.78,166.11,171.54,11394675,N/A,15.3203
21-10-2013,183.28,183.39,171,172.6,11532131,N/A,15.415
18-10-2013,184.15,185.96,182.52,183.4,5930815,N/A,16.3796
17-10-2013,183.54,184.8,180.99,182.802,6704968,N/A,16.3261
16-10-2013,184.9,187.3,182.09,183.56,8205367,N/A,16.3938
15-10-2013,185.28,188.789,183.18,183.94,10978536,N/A,16.4278
14-10-2013,175,182.5,174.15,179.72,7769630,N/A,16.0509
11-10-2013,172.75,179.288,171.2,178.7,8311086,N/A,15.9598
10-10-2013,173.09,175.75,169.69,172.93,8883910,N/A,15.4445
09-10-2013,174.73,174.99,161.5,168.78,15316481,N/A,15.0738
08-10-2013,184.4,185.93,173.21,174.73,13757218,N/A,15.6052
07-10-2013,182.46,186.73,180.26,183.07,11485579,N/A,16.3501
04-10-2013,176.4,181.18,172.65,180.98,14413965,N/A,16.1634
03-10-2013,175.045,179.69,168,173.31,23816504,N/A,15.4784
02-10-2013,188.59,191.83,175.4,180.95,20775410,N/A,16.1607
01-10-2013,193.96,194.23,188.37,193,7761429,N/A,17.2369
30-09-2013,189,194.5,188,193.37,8934541,N/A,17.27
27-09-2013,187.52,191.28,186.43,190.9,5923881,N/A,17.0494
26-09-2013,186.7,189.68,185.611,188.64,6621592,N/A,16.8475
25-09-2013,183.56,186.3,180.5,185.238,8252621,N/A,16.5437
24-09-2013,179.14,184.96,177.65,182.33,6282431,N/A,16.284
23-09-2013,184.48,185.48,177.11,181.11,8191841,N/A,16.175
20-09-2013,178.9,185.83,178.56,183.39,13401689,N/A,16.3787
19-09-2013,170.8,180.47,169.08,177.92,15594568,N/A,15.8901
18-09-2013,167.07,167.45,164.2,166.218,5439615,N/A,14.845
17-09-2013,165.08,168.42,163.361,166.23,5500719,N/A,14.8461
16-09-2013,168,170.85,165.85,166.58,7592598,N/A,14.8774
13-09-2013,162.77,166.37,162.16,165.54,5409888,N/A,14.7845
12-09-2013,164,166.76,160.51,164.93,6159993,N/A,14.73
11-09-2013,166.41,167.895,162.13,163.52,5832476,N/A,14.6041
10-09-2013,161.45,167.5,160.63,166.37,8967786,N/A,14.8586
09-09-2013,163.12,164.5,158.51,160.7,14344473,N/A,14.3522
06-09-2013,168.57,169.7,165.15,166.97,8619630,N/A,14.9122
05-09-2013,170.1,171.5,168.25,169.93,6693202,N/A,15.1765
04-09-2013,169.77,171.62,165.56,170.622,11475647,N/A,15.2383
03-09-2013,173.4,173.7,166.4,168.94,12061100,N/A,15.0881
02-09-2013,0,0,0,169,0,N/A,N/A
30-08-2013,166.37,169.21,163.96,169,11028358,N/A,15.0935
29-08-2013,164.215,167.75,162.51,166.06,9445720,N/A,14.8309
28-08-2013,169.06,171.5,163.25,166.45,14740006,N/A,14.8657
27-08-2013,162.3,168.8,160.95,167.01,17566816,N/A,14.9158
26-08-2013,165.15,173,160.25,164.22,24171096,N/A,14.6666
23-08-2013,157,162.3,155,161.839,12931842,N/A,14.4539
22-08-2013,149.22,157.48,148.14,157.1,10592391,N/A,14.0307
21-08-2013,150,150.309,146.25,147.86,6266262,N/A,13.2055
20-08-2013,148.65,149.78,147,149.58,6418108,N/A,13.3591
19-08-2013,143.427,147.38,142.83,144.9,8037640,N/A,12.9411
16-08-2013,141.63,143.907,140.97,142,7108086,N/A,12.6821
15-08-2013,136.43,143.6,135,139.67,10188877,N/A,12.474
14-08-2013,142.72,144.84,138.05,139.36,11693743,N/A,12.4463
13-08-2013,149.5,149.84,144.45,145.43,8748863,N/A,12.9884
12-08-2013,149.43,150.5,142.05,147.38,14912175,N/A,13.1626
09-08-2013,152.4,155.95,151.25,153,8936029,N/A,13.6645
08-08-2013,154.355,158.88,150.46,153.48,27246764,N/A,13.7074
07-08-2013,141.89,141.95,132.36,134.23,18212138,N/A,16.2959
06-08-2013,144.75,145.73,141.1,142.15,9261092,N/A,17.2574
05-08-2013,140.01,144.89,139.65,144.68,10200629,N/A,17.5646
02-08-2013,134.59,138.25,133.61,138,6269838,N/A,16.7536
01-08-2013,135,136.52,132.631,135.55,5323599,N/A,16.4562
31-07-2013,132.57,134.975,131.45,134.28,6351637,N/A,16.302
30-07-2013,134.8,137.49,128.18,131.74,13130267,N/A,15.9936
29-07-2013,129.32,135.37,128.25,134.62,9686072,N/A,16.3433
26-07-2013,128.14,130.68,126.61,129.39,9640703,N/A,15.7083
25-07-2013,120.4,124.75,120.19,124.07,5287144,N/A,15.0625
24-07-2013,124.47,124.5,119.56,121.7,6871372,N/A,14.7747
23-07-2013,124,125.56,121.82,122.74,7740469,N/A,14.901
22-07-2013,119.89,126.68,119.88,122.43,9804810,N/A,14.8634
19-07-2013,118.5,120.55,116.51,119.68,5891439,N/A,14.5295
18-07-2013,120.97,122.73,116.18,119.03,11407358,N/A,14.4506
17-07-2013,106.52,121.62,104.5,120.25,26028948,N/A,14.5987
16-07-2013,126.28,126.32,107.3,109.05,32371868,N/A,13.239
15-07-2013,133.03,133.259,126.82,127.26,9924336,N/A,15.4497
12-07-2013,125.5,129.94,124.51,129.9,11349186,N/A,15.7702
11-07-2013,124.88,126.09,122.35,125.61,7486958,N/A,15.2494
10-07-2013,123.19,123.25,120.79,122.27,5600012,N/A,14.8439
09-07-2013,124.64,125.32,121.91,123.45,8603207,N/A,14.9872
08-07-2013,121.37,122.18,118.82,121.61,7820816,N/A,14.7638
05-07-2013,118.32,120.28,115.7,120.09,6827497,N/A,14.5793
04-07-2013,0,0,0,115.24,0,N/A,N/A
03-07-2013,118,119.25,114.27,115.24,4806662,N/A,13.9905
02-07-2013,118.255,121.89,115.5,117.82,12070315,N/A,14.3037
01-07-2013,109.36,117.77,109.15,117.179,10895003,N/A,14.2259
28-06-2013,108.57,109.44,106.71,107.36,5750431,N/A,13.0338
27-06-2013,106.75,110.25,106.132,109.25,8750826,N/A,13.2633
26-06-2013,103.8,105.87,102.66,105.72,6610159,N/A,12.8347
25-06-2013,103.1,104.2,100.55,102.4,5850832,N/A,12.4317
24-06-2013,96.5,102.87,95.3,101.49,7127020,N/A,12.3212
21-06-2013,103.7,103.7,97.5,99.55,11718527,N/A,12.0857
20-06-2013,104.65,107.13,99.45,100.65,10111221,N/A,12.2192
19-06-2013,102.06,106.67,102.01,104.68,8588734,N/A,12.7085
18-06-2013,101.75,103.98,99.2,103.39,8803563,N/A,12.5519
17-06-2013,103.6,104.75,101.2,102.2,7075640,N/A,12.4074
14-06-2013,100,102.52,99.33,100.3,6567421,N/A,12.1767
13-06-2013,99,99.28,95.12,98.18,5965124,N/A,11.9193
12-06-2013,96.8,100.48,95.75,97.73,9197523,N/A,11.8647
11-06-2013,98.18,98.68,94.05,94.47,7396040,N/A,11.4689
10-06-2013,98.93,102.52,98.57,100.05,9234215,N/A,12.1464
07-06-2013,98,102.9,96.7,102.04,10717217,N/A,12.388
06-06-2013,95.25,99.27,95.11,97.35,9514406,N/A,11.8186
05-06-2013,93.66,97.97,89.11,95.37,12224731,N/A,11.5782
04-06-2013,92.75,96.42,92.4,94.84,8856045,N/A,11.5139
03-06-2013,97.62,97.62,88.25,92.59,19143476,N/A,11.2407
31-05-2013,106.26,106.44,97.73,97.76,15171929,N/A,11.8684
30-05-2013,102.46,109.54,101.2,104.95,16140554,N/A,12.7412
29-05-2013,113.55,114.9,99,104.629,25099480,N/A,12.7023
28-05-2013,101.55,110.75,100.3,110.334,19691824,N/A,13.3949
27-05-2013,0,0,0,97.08,0,N/A,N/A
24-05-2013,92.6,97.95,92,97.08,16124194,N/A,11.7858
23-05-2013,84.805,93.01,83.05,92.73,12044257,N/A,11.2577
22-05-2013,86.37,90.96,85.5,87.24,8573776,N/A,10.5912
21-05-2013,88.5,89.99,85.28,87.59,9001763,N/A,10.6337
20-05-2013,91.12,92.5,88.63,89.94,8337208,N/A,10.919
17-05-2013,92.5,94.44,87.5,91.5,19008450,N/A,11.1084
16-05-2013,94.7,95,88.66,92.248,21614002,N/A,11.1992
15-05-2013,81.8,86.88,78.11,84.842,16878700,N/A,10.3001
14-05-2013,94.22,97.12,81.15,83.24,37163896,N/A,10.1056
13-05-2013,80.99,88,79.151,87.8,22416816,N/A,10.6592
10-05-2013,69.65,81,69.25,76.764,25086430,N/A,9.3194
09-05-2013,70.12,75.77,63.69,69.4,28604970,N/A,8.4254
08-05-2013,57.5,58.2,55.71,55.786,6769859,N/A,15.3568
07-05-2013,62,62.37,55.12,55.51,9994549,N/A,15.2809
06-05-2013,56.39,59.66,55.5,59.5,4372799,N/A,16.3792
03-05-2013,56.47,56.47,54.5,54.55,3379403,N/A,15.0166
02-05-2013,53.85,55.27,53.7,54.11,3052333,N/A,14.8955
01-05-2013,55.99,55.99,53,53.28,2742778,N/A,14.667
30-04-2013,56,58.18,53.76,53.99,5523948,N/A,14.8624
29-04-2013,51.76,54.99,51.2,54.94,3642206,N/A,15.124
26-04-2013,53.13,53.74,50.62,51.2,3622430,N/A,14.0944
25-04-2013,50.5,52.4,50.5,52,2796207,N/A,14.3146
24-04-2013,50.9,51.05,48.98,50.43,2630108,N/A,13.8824
23-04-2013,51,52.92,50.66,51.01,3737550,N/A,14.0421
22-04-2013,48.6,50.2,47.75,50.19,3939327,N/A,13.8164
19-04-2013,47.46,49.88,47.07,47.83,3012136,N/A,13.1667
18-04-2013,45.98,47.599,45.39,46.97,3368700,N/A,12.93
17-04-2013,45.5,45.95,44.54,45.45,2118428,N/A,12.5115
16-04-2013,44.19,46.14,43.91,45.59,3180438,N/A,12.5501
15-04-2013,43.5,43.8,42.51,43.3,1685984,N/A,11.9197
12-04-2013,43.25,45.139,43.05,43.75,3149372,N/A,12.0436
11-04-2013,42.06,44.55,41.75,43.59,3448081,N/A,11.9995
10-04-2013,40.7,42.01,40.61,41.86,2121088,N/A,11.5233
09-04-2013,41.8,41.83,40.33,40.5,1696036,N/A,11.1489
08-04-2013,41.97,42.55,41.51,41.83,1679001,N/A,11.515
05-04-2013,42,42,40.5,41.37,1552389,N/A,11.3884
04-04-2013,41.11,42.25,40.811,42.01,2264867,N/A,11.5646
03-04-2013,43.1,43.47,40.21,41.1,5644995,N/A,11.3141
02-04-2013,43.6,45.5,43.51,44.34,6652374,N/A,12.206
01-04-2013,42.36,46.68,41.7,43.93,14105873,N/A,12.0931
29-03-2013,0,0,0,37.89,0,N/A,N/A
28-03-2013,38.23,38.24,37.75,37.89,1158652,N/A,10.4304
27-03-2013,37.94,38.38,37.31,38.16,1296283,N/A,10.5047
26-03-2013,37.98,38.22,37.66,37.86,1808137,N/A,10.4222
25-03-2013,37.1,38.52,36.77,37.53,2379354,N/A,10.3313
22-03-2013,36.2,36.8,36.2,36.62,446235,N/A,10.0808
21-03-2013,35.95,37.06,35.74,36.01,1146287,N/A,9.9129
20-03-2013,35.26,36.07,35.16,35.95,1423684,N/A,9.8964
19-03-2013,35.25,35.6,34.94,35.08,1098475,N/A,9.6569
18-03-2013,35.3,36.06,34.92,35.15,1316336,N/A,9.6761
15-03-2013,36.64,36.65,35.21,35.29,3279777,N/A,9.7147
14-03-2013,38.9,38.91,36.77,36.85,2024459,N/A,10.1441
13-03-2013,39,39.49,38.81,38.98,821986,N/A,10.7305
12-03-2013,38.9,39.38,38.85,39.12,1275062,N/A,10.769
11-03-2013,38.87,39.44,38.65,39.1,1579440,N/A,10.7635
08-03-2013,38.06,39.44,37.36,38.47,912052,N/A,10.5901
07-03-2013,37.73,38.65,36.88,38.23,1158354,N/A,10.524
06-03-2013,37.01,37.88,36.97,37.69,1149925,N/A,10.3754
05-03-2013,36,36.92,35.79,36.65,2086969,N/A,10.0891
04-03-2013,34.77,35.83,34.7,35.58,1757660,N/A,9.7945
01-03-2013,35,35.08,34.25,34.65,1546600,N/A,9.5385
28-02-2013,35.89,36.1,34.37,34.83,1964893,N/A,9.588
27-02-2013,34.41,35.41,34.4,35.1,1959129,N/A,9.6624
26-02-2013,34.46,34.96,33.8,34.43,2763050,N/A,9.4779
25-02-2013,36.15,36.75,34.34,34.38,2890772,N/A,9.4642
22-02-2013,35.72,36.39,35.6,36.11,2547831,N/A,9.9404
21-02-2013,36.49,37.39,34.54,35.16,9038212,N/A,9.6789
20-02-2013,39.3,39.65,38.46,38.54,3121910,N/A,27.8078
19-02-2013,37.36,39.29,37.31,39.28,2701340,N/A,28.3417
18-02-2013,0,0,0,37.04,0,N/A,N/A
15-02-2013,38.5,38.51,36.95,37.04,2017949,N/A,26.7255
14-02-2013,38.64,38.75,38.21,38.3,990640,N/A,27.6346
13-02-2013,38.3,39,38.05,38.45,967102,N/A,27.7429
12-02-2013,38.45,38.87,37.29,37.89,2261246,N/A,27.3388
11-02-2013,37.98,39.15,37.5,38.42,3266248,N/A,27.7212
08-02-2013,39.45,40,39.14,39.24,1139733,N/A,28.3129
07-02-2013,39.19,39.68,38.95,39.48,1197521,N/A,28.486
06-02-2013,38.18,39.39,37.904,39.17,1893148,N/A,28.2624
05-02-2013,38,38.65,37.68,38.13,1310192,N/A,27.512
04-02-2013,38.4,38.42,37.59,37.74,1127989,N/A,27.2306
01-02-2013,38.17,38.5,37.62,38.3,1100590,N/A,27.6346
31-01-2013,37.87,37.87,36.93,37.51,901318,N/A,27.0646
30-01-2013,37.85,38,37.43,37.52,968098,N/A,27.0718
29-01-2013,38.1,38.44,37.13,37.95,1426503,N/A,27.3821
28-01-2013,36.86,38.71,36.86,38.03,1985992,N/A,27.4398
25-01-2013,37,37.54,36.8,36.98,1287703,N/A,26.6822
24-01-2013,36,37.72,35.84,36.99,1970389,N/A,26.6894
23-01-2013,35.02,36.24,34.96,36,1564206,N/A,25.9751
22-01-2013,34.56,35.55,34.26,35.19,1920131,N/A,25.3907
21-01-2013,0,0,0,34.52,0,N/A,N/A
18-01-2013,34.74,34.78,33.82,34.52,3555074,N/A,24.9073
17-01-2013,34.16,34.85,33.92,34.38,1436604,N/A,24.8062
16-01-2013,33.85,34.23,33.73,34.1,1378138,N/A,24.6042
15-01-2013,33.11,34.25,33.08,33.9,1624389,N/A,24.4599
14-01-2013,33.08,33.38,32.85,33.26,925018,N/A,23.9981
11-01-2013,34.04,34.04,32.11,32.91,1563274,N/A,23.7456
10-01-2013,33.87,33.99,33.38,33.53,922405,N/A,24.1929
09-01-2013,34.01,34.19,33.4,33.64,697979,N/A,24.2723
08-01-2013,34.5,34.5,33.11,33.68,1283985,N/A,24.3012
07-01-2013,34.8,34.8,33.9,34.34,441909,N/A,24.7774
04-01-2013,34.8,34.8,33.92,34.4,673993,N/A,24.8207
03-01-2013,35.18,35.45,34.75,34.77,741941,N/A,25.0876
02-01-2013,35,35.45,34.705,35.36,1194710,N/A,25.5133
01-01-2013,0,0,0,33.87,0,N/A,N/A
31-12-2012,33,33.97,33,33.87,594846,N/A,24.4383
28-12-2012,33.38,33.65,33.02,33.22,414135,N/A,23.9693
27-12-2012,33.5,33.91,33,33.69,561085,N/A,24.3084
26-12-2012,33.96,34.5,33.5,33.59,601784,N/A,24.2362
25-12-2012,0,0,0,34.28,0,N/A,N/A
24-12-2012,33.64,34.35,33.55,34.28,375796,N/A,24.7341
21-12-2012,33.94,34.17,33.58,34,1492306,N/A,24.5321
20-12-2012,34.51,34.788,34.05,34.43,921194,N/A,24.8423
19-12-2012,34.75,35.26,34.52,34.61,1298731,N/A,24.9722
18-12-2012,34.26,35.07,34.26,34.59,1554436,N/A,24.9578
17-12-2012,33.77,34.5,33.75,34.4,824809,N/A,24.8207
14-12-2012,33.78,34.4,33.59,33.81,1022943,N/A,24.395
13-12-2012,35.26,35.3,32.75,33.61,2151224,N/A,24.2507
12-12-2012,35.21,35.8,34.95,35.26,2063877,N/A,25.4412
11-12-2012,34.6,35.5,34.46,35.28,1572591,N/A,25.4556
10-12-2012,34.43,34.8,34.18,34.57,929751,N/A,24.9433
07-12-2012,34.3,34.49,33.85,34.17,664586,N/A,24.6547
06-12-2012,33.82,34.8,33.5,33.9,660397,N/A,24.4599
05-12-2012,33.82,34.19,33.58,33.71,661486,N/A,24.3228
04-12-2012,34.08,34.8,33.55,33.9,1264211,N/A,24.4599
03-12-2012,33.89,35,33.5,34.62,2085753,N/A,24.9794
30-11-2012,33.63,34.28,33.01,33.82,1420284,N/A,24.4022
29-11-2012,33.44,34,32.87,33.69,1103315,N/A,24.3084
28-11-2012,32,34.29,31.91,33.23,1525299,N/A,23.9765
27-11-2012,32.13,32.66,31.52,32.15,910770,N/A,23.1972
26-11-2012,32.1,32.3,31.62,32.27,496219,N/A,23.2838
23-11-2012,32.6,32.83,31.7,32.13,430212,N/A,23.1828
22-11-2012,0,0,0,32.47,0,N/A,N/A
21-11-2012,32.61,33.47,32.286,32.47,963133,N/A,23.4281
20-11-2012,32.8,33.1,31.91,33,922427,N/A,23.8105
19-11-2012,32.07,33.25,31.84,32.92,1392548,N/A,23.7528
16-11-2012,31.15,32,30.59,31.84,908650,N/A,22.9736
15-11-2012,31.3,31.44,30.5,30.82,983941,N/A,22.2376
14-11-2012,31.96,32.12,31.204,31.38,871315,N/A,22.6416
13-11-2012,31.29,32,30.72,31.614,998263,N/A,22.8105
12-11-2012,30.29,31.42,30.16,31.07,557651,N/A,22.418
09-11-2012,30.6,30.93,29.85,30.32,863028,N/A,21.8768
08-11-2012,31.01,31.88,30.94,31.31,1273986,N/A,22.5911
07-11-2012,31,32.05,30.81,31.54,1715417,N/A,22.7571
06-11-2012,30.61,31.2,29.95,31.15,2323943,N/A,22.4757
05-11-2012,29.8,31.58,29.33,31.5,2049118,N/A,21.5446
02-11-2012,29.27,29.55,28.55,28.918,1030265,N/A,19.7786
01-11-2012,28.25,29.49,28.2,29.245,1024054,N/A,20.0022
31-10-2012,27.7,28.35,27.37,28.131,775142,N/A,19.2403
30-10-2012,0,0,0,27.38,0,N/A,N/A
29-10-2012,0,0,0,27.38,0,N/A,N/A
26-10-2012,27.53,27.8,27.02,27.38,477305,N/A,18.7267
25-10-2012,27.8,27.8,27.45,27.52,577686,N/A,18.8224
24-10-2012,28.52,28.52,27.25,27.42,1016368,N/A,18.754
23-10-2012,27.38,28.56,27.37,28.39,749273,N/A,19.4175
22-10-2012,27.99,28,27.36,27.85,470198,N/A,19.0481
19-10-2012,27.83,28.2,27.3,27.74,1027302,N/A,18.9729
18-10-2012,28.99,28.99,27.78,28.04,740947,N/A,19.1781
17-10-2012,28.25,28.84,27.8,28.819,667963,N/A,19.7109
16-10-2012,27.67,28.09,27.34,28.06,479248,N/A,19.1917
15-10-2012,28.02,28.05,26.86,27.33,1469167,N/A,18.6925
12-10-2012,28.32,28.73,27.5,27.64,987535,N/A,18.9045
11-10-2012,28.94,28.98,28.25,28.32,450571,N/A,19.3696
10-10-2012,28.39,28.72,28.01,28.4,505063,N/A,19.4243
09-10-2012,29.12,29.12,28.25,28.37,1193479,N/A,19.4038
08-10-2012,28.86,29.4,28.611,29.25,890006,N/A,20.0057
05-10-2012,29.7,29.81,28.68,28.89,938670,N/A,19.7594
04-10-2012,30,30.1,28.65,29.4,1541207,N/A,20.1082
03-10-2012,29.75,29.95,29.24,29.3,1055288,N/A,20.0399
02-10-2012,29.28,29.89,29,29.8,728969,N/A,20.3818
01-10-2012,29.5,29.89,29,29.16,884305,N/A,19.9441
28-09-2012,28.73,29.89,28.61,29.28,4343338,N/A,20.0262
27-09-2012,27.82,28.54,27.6,28.49,1758553,N/A,19.4858
26-09-2012,27.66,28.4,27.48,27.54,1527320,N/A,18.8361
25-09-2012,28.62,29.48,27.53,27.66,5684952,N/A,18.9182
24-09-2012,29.51,31.03,29.4,30.66,1302004,N/A,20.97
21-09-2012,31.1,31.49,29.54,30.02,1870170,N/A,20.5323
20-09-2012,30.93,31.5,30.68,30.9,912372,N/A,21.1342
19-09-2012,31,31.74,30.94,31.05,1048457,N/A,21.2368
18-09-2012,31.88,31.9,30.68,31.34,1788480,N/A,21.4351
17-09-2012,32.35,32.78,31.51,32.54,3212991,N/A,22.2559
14-09-2012,30,30.65,29.65,30.39,1536669,N/A,20.7854
13-09-2012,28.57,29.5,28.48,29.48,1486359,N/A,20.163
12-09-2012,27.9,28.58,27.8,28.28,1145334,N/A,19.3422
11-09-2012,27.76,28.16,27.4,27.8,1014871,N/A,19.0139
10-09-2012,29.2,29.35,27.295,27.37,1484015,N/A,18.7198
07-09-2012,28.55,29.57,28.5,29.35,953151,N/A,20.074
06-09-2012,28,28.9,27.9,28.55,841643,N/A,19.5269
05-09-2012,28.01,28.5,27.81,27.94,639227,N/A,19.1097
04-09-2012,28.52,28.99,27.9,28.14,752496,N/A,19.2465
03-09-2012,0,0,0,28.52,0,N/A,N/A
31-08-2012,28.61,28.84,28.2,28.52,539736,N/A,19.5064
30-08-2012,28.6,28.74,28.1,28.41,656307,N/A,19.4311
29-08-2012,28.49,28.64,28.02,28.41,838883,N/A,19.4311
28-08-2012,28.4,29.375,28,28.69,1402656,N/A,19.6226
27-08-2012,29.57,29.7,28.17,28.32,1350325,N/A,19.3696
24-08-2012,30.06,30.24,29.41,29.5,1430011,N/A,20.1766
23-08-2012,30,30.85,29.65,30.73,1470974,N/A,21.0179
22-08-2012,29.01,30.04,29.01,29.95,775490,N/A,20.4844
21-08-2012,29.58,30,29,29.11,761516,N/A,19.9099
20-08-2012,30.15,30.39,29.1,29.51,1179008,N/A,20.1835
17-08-2012,30.29,30.71,29.98,30.01,508122,N/A,20.5255
16-08-2012,29.53,30.39,29.5,30.3,668973,N/A,20.7238
15-08-2012,29.39,29.7,28.81,29.4,525385,N/A,20.1082
14-08-2012,30.75,31.17,29.26,29.42,793336,N/A,20.1219
13-08-2012,29.69,31.3,29.101,31.17,870050,N/A,21.3188
10-08-2012,29.31,29.94,29.31,29.94,707390,N/A,20.4776
09-08-2012,29.52,30,29.13,29.41,672584,N/A,20.1151
08-08-2012,29.9,30,28.59,29.09,1308895,N/A,19.8962
07-08-2012,28.77,30.9,28.5,30.25,2387304,N/A,20.6896
06-08-2012,27.55,28.7,27.55,28.27,1528169,N/A,19.3354
03-08-2012,26.9,27.55,26.74,27.27,1209470,N/A,18.6514
02-08-2012,26.84,26.85,25.52,26.1,1305016,N/A,17.8512
01-08-2012,27.99,27.99,26.03,26.25,1592217,N/A,17.9538
31-07-2012,27.54,27.97,27.35,27.42,1575060,N/A,18.754
30-07-2012,29.51,30.248,27.21,27.35,2066040,N/A,18.7061
27-07-2012,28.71,29.66,28.1,29.51,1672968,N/A,20.1835
26-07-2012,29.9,30,27.64,28.13,2263005,N/A,19.2396
25-07-2012,29.92,29.98,28.75,28.95,2844065,N/A,16.3622
24-07-2012,30.66,31.04,29.62,29.84,1500426,N/A,16.8652
23-07-2012,31.05,31.3,30.62,30.66,1386743,N/A,17.3286
20-07-2012,32.07,32.25,31.25,31.79,1568466,N/A,17.9673
19-07-2012,32.72,33.15,32.04,32.27,1435878,N/A,18.2386
18-07-2012,31.42,33.67,31.06,32.15,2882084,N/A,18.1708
17-07-2012,35,35.21,32.38,33.35,2569213,N/A,18.849
16-07-2012,34.32,36,33.9,35.96,1743908,N/A,20.3241
13-07-2012,32.97,34.4,32.83,34.25,1304712,N/A,19.3577
12-07-2012,31.29,33.01,30.8,32.7,1125670,N/A,18.4816
11-07-2012,31.57,31.68,31.01,31.51,638516,N/A,17.809
10-07-2012,31.54,32.48,30.89,31.27,758352,N/A,17.6734
09-07-2012,30.94,31.83,30.67,31.49,910409,N/A,17.7977
06-07-2012,30.99,31.73,30.8,30.99,784661,N/A,17.5151
05-07-2012,30.81,31.67,30.8,31.23,1253866,N/A,17.6508
04-07-2012,0,0,0,30.66,0,N/A,N/A
03-07-2012,30.6,31,30.4,30.66,947128,N/A,17.3286
02-07-2012,31.35,31.799,30.19,30.4,1315534,N/A,17.1817
29-06-2012,32.8,32.8,31,31.29,1125704,N/A,17.6847
28-06-2012,31.9,32.11,30.62,31.41,914040,N/A,17.7525
27-06-2012,31.9,32.445,31.57,31.96,1047194,N/A,18.0634
26-06-2012,32.05,32.35,31.39,31.61,2613849,N/A,17.8656
25-06-2012,33.94,34.12,32.75,33.11,1503186,N/A,18.7133
22-06-2012,32.6,33.98,32.46,33.785,3045952,N/A,19.0948
21-06-2012,34.26,34.28,31.84,32.19,1891895,N/A,18.1934
20-06-2012,33.5,34.5,33.21,33.78,3422342,N/A,19.092
19-06-2012,32.02,32.659,31.5,32.09,911029,N/A,18.1368
18-06-2012,29.94,32.33,29.5,31.84,1256796,N/A,17.9956
15-06-2012,29.39,29.95,28.81,29.91,646737,N/A,16.9047
14-06-2012,30.18,30.65,28.62,29.39,872161,N/A,16.6108
13-06-2012,29.55,30.64,29.47,29.77,844371,N/A,16.8256
12-06-2012,29.23,29.84,28.81,29.66,568994,N/A,16.7634
11-06-2012,30.31,31,28.958,29.12,635947,N/A,16.4582
08-06-2012,28.86,30.19,28.147,30.08,881209,N/A,17.0008
07-06-2012,29.81,29.87,28.85,28.93,492015,N/A,16.3509
06-06-2012,28.2,29.45,28.14,29.22,931564,N/A,16.5148
05-06-2012,27.84,28.39,27.56,27.91,630885,N/A,15.7744
04-06-2012,28.03,28.41,27.11,27.88,1030834,N/A,15.7574
01-06-2012,28.53,29.16,27.76,28.15,885710,N/A,15.91
31-05-2012,30.07,30.29,28.75,29.5,1118701,N/A,16.673
30-05-2012,31.08,31.42,30.24,30.41,1307141,N/A,17.1873
29-05-2012,30.01,31.93,30.01,31.69,1649917,N/A,17.9108
28-05-2012,0,0,0,29.81,0,N/A,N/A
25-05-2012,30.16,30.408,29.2,29.81,756909,N/A,16.8482
24-05-2012,31.25,31.25,29.69,30.32,1074320,N/A,17.1365
23-05-2012,30.56,31.05,29.5,31.02,1218445,N/A,17.5321
22-05-2012,30.1,31.34,30,30.79,2360726,N/A,17.4021
21-05-2012,27.58,29.26,27.12,28.77,1472870,N/A,16.2604
18-05-2012,28.37,28.46,26.83,27.56,1616487,N/A,15.5766
17-05-2012,29.3,29.79,28.24,28.57,1148918,N/A,16.1474
16-05-2012,29.58,30.18,28.88,29.18,1257193,N/A,16.4922
15-05-2012,30.26,30.96,29.22,29.43,1579692,N/A,16.6335
14-05-2012,31.92,32.13,30.05,30.06,1378025,N/A,16.9895
11-05-2012,32.49,33.44,32.16,32.25,1221205,N/A,18.2273
10-05-2012,32.97,34.68,32.4,32.96,5551801,N/A,18.6286
09-05-2012,30.3,30.77,29.76,30.06,1947828,N/A,15.3633
08-05-2012,32.5,32.728,29.37,30.19,3096180,N/A,15.4298
07-05-2012,31.96,32.58,31.61,32.47,1157969,N/A,16.5951
04-05-2012,32.32,32.46,31.4,31.83,1247486,N/A,16.268
03-05-2012,33.91,34,32.13,32.46,842107,N/A,16.59
02-05-2012,33.5,34.39,33.39,33.94,497251,N/A,17.3464
01-05-2012,33.13,34.21,33.13,33.78,658947,N/A,17.2646
30-04-2012,33.27,33.36,32.58,33.13,413848,N/A,16.9324
27-04-2012,33.6,33.63,32.91,33.34,590905,N/A,17.0397
26-04-2012,32.96,33.52,32.91,33.49,425719,N/A,17.1164
25-04-2012,32.07,32.99,32.07,32.91,712133,N/A,16.82
24-04-2012,31.82,32.2,31,31.82,674467,N/A,16.2629
23-04-2012,32.86,32.97,31.71,31.94,890715,N/A,16.3242
20-04-2012,33.14,33.73,32.94,33.16,821774,N/A,16.9477
19-04-2012,32.75,33.43,32.5,33.16,774878,N/A,16.9477
18-04-2012,32.09,32.75,31.53,32.66,823096,N/A,16.6922
17-04-2012,32.43,33.07,32.04,32.24,1115438,N/A,16.4775
16-04-2012,33.41,33.7,32.09,32.25,1099751,N/A,16.4826
13-04-2012,33.94,34.04,32.85,33.59,649580,N/A,17.1675
12-04-2012,33.77,34.48,32.92,33.44,1034154,N/A,17.0908
11-04-2012,33.24,33.29,32.01,33.09,1105447,N/A,16.9119
10-04-2012,33.15,33.849,32.1,32.46,1847669,N/A,16.59
09-04-2012,34.1,34.29,33.1,33.15,1655655,N/A,16.9426
06-04-2012,0,0,0,34.48,0,N/A,N/A
05-04-2012,35.1,35.44,34.41,34.48,1509478,N/A,17.6224
04-04-2012,35.27,35.49,34.69,35,4482816,N/A,17.8881
03-04-2012,36.7,38.47,36.67,38.01,1100420,N/A,19.4265
02-04-2012,37.33,37.97,36.53,36.58,1028504,N/A,18.6956
30-03-2012,37.52,37.94,36.68,37.24,886312,N/A,19.033
29-03-2012,38.19,38.19,37.03,37.33,796335,N/A,19.079
28-03-2012,37.78,38.44,37.11,37.85,954970,N/A,19.3447
27-03-2012,37.16,39.95,37.03,37.94,2539178,N/A,19.3907
26-03-2012,35.59,38.09,35.041,37.4,3140891,N/A,19.1147
23-03-2012,34.26,34.63,33.15,34.08,1170567,N/A,17.4179
22-03-2012,34.97,35.15,34.3,34.4,522353,N/A,17.5815
21-03-2012,34.94,35.3,34.6,35.15,607103,N/A,17.9648
20-03-2012,34.98,35.2,34.57,34.96,567001,N/A,17.8677
19-03-2012,35.26,35.32,34.54,34.98,1015586,N/A,17.8779
16-03-2012,34.9,35.89,34.83,35.32,729236,N/A,18.0517
15-03-2012,35.28,35.48,34.78,35,571596,N/A,17.8881
14-03-2012,36,36,34.8,35.29,851464,N/A,18.0363
13-03-2012,36.51,36.59,35.5,36.09,1001643,N/A,18.4452
12-03-2012,34.69,36.29,34.6,36.01,1963220,N/A,18.4043
09-03-2012,33.2,35.31,33.2,34.74,1553323,N/A,17.7552
08-03-2012,33.11,33.49,33.04,33.07,633267,N/A,16.9017
07-03-2012,33.12,33.315,32.91,33.12,364831,N/A,16.9273
06-03-2012,33.25,33.28,32.62,33.11,573749,N/A,16.9222
05-03-2012,34.35,34.4,33.46,33.77,466938,N/A,17.2595
02-03-2012,34.4,34.5,33.71,34.04,549971,N/A,17.3975
01-03-2012,33.51,34.5,33.305,34.41,703435,N/A,17.5866
29-02-2012,33.81,34.12,33.14,33.41,535684,N/A,17.0755
28-02-2012,33.64,34.44,33.17,33.81,612183,N/A,17.2799
27-02-2012,33.41,34,33,33.62,605953,N/A,17.1828
24-02-2012,34.23,34.52,33.27,33.75,959866,N/A,17.2493
23-02-2012,33.99,34.97,33.56,34.53,820345,N/A,17.6479
22-02-2012,34.5,34.72,32.5,34.22,1654985,N/A,17.4895
21-02-2012,34.87,34.87,33.81,34.5,1135788,N/A,17.6326
20-02-2012,0,0,0,34.97,0,N/A,N/A
17-02-2012,33.99,34.97,33.5,34.97,1376645,N/A,17.8728
16-02-2012,33.5,34.51,32.54,34.18,2219636,N/A,17.469
15-02-2012,33.1,34.41,32.27,33.6,2764476,N/A,17.3846
14-02-2012,31.74,33.79,31.4,33.17,1810775,N/A,17.1621
13-02-2012,31.55,32.06,30.9,31.49,1157858,N/A,16.2929
10-02-2012,32.26,32.27,29.84,31.1,1874139,N/A,16.0911
09-02-2012,32,32.9,31.43,32.58,1277476,N/A,16.8569
08-02-2012,31.6,32.01,31.29,31.93,623626,N/A,16.5206
07-02-2012,31.8,31.8,30.82,31.6,1021503,N/A,16.3498
06-02-2012,31.1,31.9,31.05,31.8,652161,N/A,16.4533
03-02-2012,30.41,31.33,30.25,31.15,764418,N/A,16.117
02-02-2012,29.72,30.88,29.605,30.25,805610,N/A,15.6513
01-02-2012,29.07,29.7,29,29.58,523169,N/A,15.3047
31-01-2012,29.9,30,28.87,29.07,956413,N/A,15.0408
30-01-2012,29.49,29.61,28.529,29.57,728979,N/A,15.2995
27-01-2012,28.5,29.72,28.5,29.33,748361,N/A,15.1753
26-01-2012,28.07,29.58,28,28.94,1271028,N/A,14.9735
25-01-2012,27.27,28.01,27.05,27.97,611112,N/A,14.4717
24-01-2012,26.63,27.68,26.44,27.42,857914,N/A,14.1871
23-01-2012,26.81,27.21,26.6,26.77,594533,N/A,13.8508
20-01-2012,26.9,27,26.4,26.6,662289,N/A,13.7628
19-01-2012,27.19,27.74,26.61,26.76,1246222,N/A,13.8456
18-01-2012,26.69,26.88,26.25,26.81,1260183,N/A,13.8715
17-01-2012,26.62,27.34,26.41,26.6,4651391,N/A,13.7628
16-01-2012,0,0,0,22.79,0,N/A,N/A
13-01-2012,28.4,28.5,22.64,22.79,5506439,N/A,11.7915
12-01-2012,28.48,28.62,27.805,28.25,729300,N/A,14.6165
11-01-2012,27.62,28.38,27.3,28.23,672239,N/A,14.6062
10-01-2012,27.44,27.76,27.25,27.62,671732,N/A,14.2906
09-01-2012,27,27.49,26.12,27.25,896951,N/A,14.0991
06-01-2012,27.2,27.79,26.41,26.91,986287,N/A,13.9232
05-01-2012,27.76,27.93,26.85,27.12,1005432,N/A,14.0319
04-01-2012,28.21,28.67,27.5,27.71,630036,N/A,14.3371
03-01-2012,28.94,29.5,27.65,28.08,928052,N/A,14.5286
02-01-2012,0,0,0,28.56,0,N/A,N/A
30-12-2011,28.49,28.98,28.25,28.56,339760,N/A,14.7769
29-12-2011,28.59,29.34,28.549,28.73,488150,N/A,14.8649
28-12-2011,28.99,29.24,28.04,28.51,575138,N/A,14.751
27-12-2011,27.66,28.77,27.64,28.57,777403,N/A,14.7821
26-12-2011,0,0,0,27.9,0,N/A,N/A
23-12-2011,28,28,27.52,27.9,591390,N/A,14.4354
22-12-2011,27.6,28.05,27.3,27.77,1009302,N/A,14.3682
21-12-2011,27.91,28.07,26.03,27.57,1705807,N/A,14.2647
20-12-2011,28.05,28.45,27.715,27.9,844381,N/A,14.4354
19-12-2011,28.09,28.5,27.37,27.75,986952,N/A,14.3578
16-12-2011,28.79,28.93,27.98,28,1029605,N/A,14.4872
15-12-2011,28.67,29.17,28.12,28.62,700261,N/A,14.808
14-12-2011,29.5,29.68,28,28.53,1163840,N/A,14.7614
13-12-2011,30.57,30.93,28.911,29.45,994015,N/A,15.2374
12-12-2011,30.44,30.62,30.02,30.41,758657,N/A,15.7341
09-12-2011,30.54,31.12,30.28,31.04,1239444,N/A,16.0601
08-12-2011,30.84,31.65,29.61,30.89,3305945,N/A,15.9825
07-12-2011,34.63,34.89,33.8,34.19,674244,N/A,17.6899
06-12-2011,34.2,34.98,34.031,34.87,951710,N/A,18.0417
05-12-2011,33.53,35,33.43,34.42,1160050,N/A,17.8089
02-12-2011,32.83,33.69,32.4,33.3,802718,N/A,17.2294
01-12-2011,32.57,33.99,31.98,32.6,1030108,N/A,16.8672
30-11-2011,32.5,32.93,32.22,32.74,760265,N/A,16.9396
29-11-2011,32.49,33.07,31.63,31.75,591054,N/A,16.4274
28-11-2011,32,33.28,31.81,32.56,681124,N/A,16.8465
25-11-2011,31.55,32.41,31.08,31.66,239595,N/A,16.3809
24-11-2011,0,0,0,31.45,0,N/A,N/A
23-11-2011,31.76,32.05,31.25,31.45,451813,N/A,16.2722
22-11-2011,31.76,32.79,31.05,32.07,732518,N/A,16.593
21-11-2011,32.44,32.44,31.05,31.76,1031524,N/A,16.4326
18-11-2011,33.64,34.11,32.54,32.6,902729,N/A,16.8672
17-11-2011,34.5,34.9,33.19,33.68,1349265,N/A,17.426
16-11-2011,33.48,35,33.403,34.94,1833136,N/A,18.0779
15-11-2011,32.92,34.4,32.73,33.93,890905,N/A,17.5554
14-11-2011,33,33.54,32.62,33.22,1325656,N/A,17.188
11-11-2011,31.9,34.5,30.57,33.64,3868276,N/A,17.4053
10-11-2011,30.94,31.5,30.65,31.33,747273,N/A,16.2101
09-11-2011,30.87,31.49,30.3,30.88,953656,N/A,15.9773
08-11-2011,31.37,32,30.72,31.84,1167830,N/A,16.474
07-11-2011,31.64,32,30.75,31.27,1266269,N/A,16.1791
04-11-2011,31.46,32.4,30.51,32.31,3033107,N/A,16.7172
03-11-2011,30,32.49,29.53,32.46,2510603,N/A,16.7948
02-11-2011,29,29.26,28.25,28.71,875521,N/A,16.063
01-11-2011,28.39,28.92,28,28.88,635775,N/A,16.1581
31-10-2011,29.5,29.51,28.75,29.37,1133969,N/A,16.4323
28-10-2011,28.5,30,28.01,29.87,1263973,N/A,16.712
27-10-2011,28.34,28.95,28.11,28.76,869335,N/A,16.091
26-10-2011,28.19,28.37,27.4,27.98,510479,N/A,15.6546
25-10-2011,28.23,28.86,27.8,28.25,654371,N/A,15.8056
24-10-2011,27.87,28.89,27.75,28.55,940550,N/A,15.9735
21-10-2011,27.4,28.3,27.01,28.03,1142550,N/A,15.6826
20-10-2011,27.44,27.47,27,27.34,999647,N/A,15.2965
19-10-2011,28.02,28.06,27.3,27.57,792850,N/A,15.4252
18-10-2011,27.3,28.427,26.71,28.34,999690,N/A,15.856
17-10-2011,27.86,28,27.26,27.42,754439,N/A,15.3413
14-10-2011,28,28.55,27.26,28.05,1400469,N/A,15.6937
13-10-2011,27.63,28.47,27.44,27.94,1043413,N/A,15.6322
12-10-2011,27.25,28,27.2,27.8,1123364,N/A,15.5539
11-10-2011,27.51,27.77,27.09,27.61,575603,N/A,15.4476
10-10-2011,27.31,28.18,27,27.88,923416,N/A,15.5986
07-10-2011,26.98,27.6,26.05,26.99,1311548,N/A,15.1007
06-10-2011,25.37,27.6,25.02,26.96,1769026,N/A,15.0839
05-10-2011,24.03,25.835,23.35,25.37,1229414,N/A,14.1943
04-10-2011,23.29,24.32,22.93,23.66,1200214,N/A,13.2376
03-10-2011,24.95,25,23.25,23.73,1023130,N/A,13.2767
30-09-2011,24.8,24.89,23.49,24.39,1336154,N/A,13.646
29-09-2011,25.72,25.82,23.55,24.12,929545,N/A,13.4949
28-09-2011,26,26.5,24.51,24.59,723206,N/A,13.7579
27-09-2011,26,26.99,25.57,26.19,674429,N/A,14.6531
26-09-2011,26.52,26.52,24.9,25.52,934715,N/A,14.2782
23-09-2011,25.49,26.62,25.35,26.38,1156328,N/A,14.7594
22-09-2011,25.64,26.11,24.88,25.63,775802,N/A,14.3398
21-09-2011,25.95,26.95,25.7,25.85,987577,N/A,14.4629
20-09-2011,25.98,26.6,25.67,26.01,1180351,N/A,14.5524
19-09-2011,24.95,25.81,23.82,25.77,1157349,N/A,14.4181
16-09-2011,24.78,25.84,24.49,25.8,1417074,N/A,14.4349
15-09-2011,24.58,24.93,24.33,24.82,562512,N/A,13.8866
14-09-2011,24.25,24.84,23.79,24.34,830777,N/A,13.618
13-09-2011,23.01,24.1,22.75,24.08,726461,N/A,13.4726
12-09-2011,22.5,23.31,22.45,22.88,566571,N/A,12.8012
09-09-2011,23.37,23.57,22.55,22.97,669263,N/A,12.8515
08-09-2011,23.58,24.03,23.28,23.61,505697,N/A,13.2096
07-09-2011,23.39,24,23.28,23.84,459186,N/A,13.3383
06-09-2011,22.5,23.2,22.29,22.94,809760,N/A,12.8347
05-09-2011,0,0,0,23.07,0,N/A,N/A
02-09-2011,23.66,23.99,22.68,23.07,769831,N/A,12.9075
01-09-2011,24.66,24.87,23.835,24,848085,N/A,13.4278
31-08-2011,24.8,25.5,24.28,24.74,823735,N/A,13.8418
30-08-2011,24.5,24.77,24.09,24.63,366659,N/A,13.7803
29-08-2011,24.22,24.85,24.02,24.71,803302,N/A,13.825
26-08-2011,22.71,23.95,22.07,23.73,761756,N/A,13.2767
25-08-2011,23.87,23.87,22.9,23.11,679740,N/A,12.9299
24-08-2011,23.1,23.93,22.83,23.87,684238,N/A,13.3551
23-08-2011,21.93,23.11,21.5,22.96,868968,N/A,12.8459
22-08-2011,23.11,23.8,21.68,21.95,986081,N/A,12.2808
19-08-2011,23.86,24.22,22,22.3,1375277,N/A,12.4767
18-08-2011,25,25.15,23.47,24.26,1056569,N/A,13.5733
17-08-2011,26.39,26.65,25.51,25.83,643772,N/A,14.4517
16-08-2011,26.13,26.54,25.83,26.1,537688,N/A,14.6027
15-08-2011,26.62,26.75,25.93,26.23,738572,N/A,14.6755
12-08-2011,25.6,27.14,25.36,26.31,1009020,N/A,14.7202
11-08-2011,24.04,25.75,24,25.3,836484,N/A,14.1551
10-08-2011,25.44,25.44,23.63,23.82,1564147,N/A,13.3271
09-08-2011,24.15,25.45,23.7,25.06,1333382,N/A,14.0209
08-08-2011,23.1,24.44,23.1,23.64,2608472,N/A,13.2264
05-08-2011,24.99,25.38,22.83,24.24,1964376,N/A,13.5621
04-08-2011,26.51,26.89,24.67,24.75,3065083,N/A,13.8474
03-08-2011,27.5,27.83,26.336,27.2,1801329,N/A,17.86
02-08-2011,28.69,29.2,27.27,27.34,1549320,N/A,17.952
01-08-2011,28.67,28.98,28.21,28.77,1164822,N/A,18.8909
29-07-2011,27.8,28.4,27.5,28.17,948127,N/A,18.4969
28-07-2011,27.6,28.55,27.54,28.17,938629,N/A,18.4969
27-07-2011,28.5,28.5,27.51,27.64,958403,N/A,18.1489
26-07-2011,28.31,28.77,27.97,28,760532,N/A,18.3853
25-07-2011,29.01,29.25,28.44,28.49,673391,N/A,18.7071
22-07-2011,28.7,29.54,28.551,29.29,583868,N/A,19.2324
21-07-2011,28.91,29.16,28.1,28.7,1012006,N/A,18.845
20-07-2011,28,30.44,27.8,28.69,3048394,N/A,18.8384
19-07-2011,27.58,28.11,27.54,27.89,1026048,N/A,18.3131
18-07-2011,27.34,27.45,26.63,27.23,851877,N/A,17.8797
15-07-2011,27.79,27.83,27.4,27.58,708954,N/A,18.1095
14-07-2011,28.53,28.96,27.25,27.61,1159131,N/A,18.1292
13-07-2011,28.43,29.03,27.9,28.64,1065942,N/A,18.8056
12-07-2011,28.37,29.09,28,28.17,1045306,N/A,18.4969
11-07-2011,28.4,28.53,28,28.35,975703,N/A,18.6151
08-07-2011,29.89,29.89,28.59,28.81,1240580,N/A,18.9172
07-07-2011,29.14,30,29.01,29.73,1327821,N/A,19.5213
06-07-2011,29.14,29.14,28.55,28.96,926889,N/A,19.0157
05-07-2011,29.02,29.52,28.71,29.14,995989,N/A,19.1339
04-07-2011,0,0,0,29.02,0,N/A,N/A
01-07-2011,29.07,29.6,28.8,29.02,854839,N/A,19.0551
30-06-2011,28.5,29.33,28.4,29.13,946654,N/A,19.1273
29-06-2011,28.5,29.09,28.07,28.29,1461708,N/A,18.5757
28-06-2011,27.79,28.25,27.67,28.11,889132,N/A,18.4575
27-06-2011,27.73,28.28,27.31,27.46,1809367,N/A,18.0307
24-06-2011,27.64,27.97,27.26,27.565,3608858,N/A,18.0997
23-06-2011,27.2,27.72,26.21,27.71,1169990,N/A,18.1949
22-06-2011,27.37,28.25,27.1,27.21,1475633,N/A,17.8666
21-06-2011,26.24,27.73,26,27.53,1496563,N/A,18.0767
20-06-2011,26.29,26.46,25.5,26.01,1537709,N/A,17.0787
17-06-2011,26.87,27.7,26.14,26.5,1713965,N/A,17.4004
16-06-2011,27.67,28,25.74,26.5,1842124,N/A,17.4004
15-06-2011,28.44,28.45,27.07,27.32,1346579,N/A,17.9388
14-06-2011,28.54,29.7,28.52,28.6,1573310,N/A,18.7793
13-06-2011,28.07,28.88,27.88,28.43,1713761,N/A,18.6677
10-06-2011,27.52,28.299,27.35,27.86,1566532,N/A,18.2934
09-06-2011,27.43,28.1,27.1,27.62,1603120,N/A,18.1358
08-06-2011,28.44,28.6,27.02,27.12,1696936,N/A,17.8075
07-06-2011,28.94,29.39,28.26,28.37,1211114,N/A,18.6283
06-06-2011,30.1,30.13,28.26,28.7,2331767,N/A,18.845
03-06-2011,29.95,31.5,29.5,30.13,6209334,N/A,19.7839
02-06-2011,28.52,29.32,28.51,28.76,986294,N/A,18.8844
01-06-2011,30,30.1,28.38,28.517,1530396,N/A,18.7248
31-05-2011,29.69,30.28,29.55,30.14,3290422,N/A,19.7905
30-05-2011,0,0,0,29.55,0,N/A,N/A
27-05-2011,29.54,29.67,28.82,29.55,1687069,N/A,19.4031
26-05-2011,28.82,29.76,28.1,29.48,3336891,N/A,19.3571
25-05-2011,26.9,29.01,26.17,28.98,4693811,N/A,19.0288
24-05-2011,27.02,27.5,26.6,26.72,613673,N/A,17.5448
23-05-2011,27.62,27.62,26.62,26.82,863548,N/A,17.6105
20-05-2011,28.26,28.28,27.35,27.97,842534,N/A,18.3656
19-05-2011,27.03,28.44,26.6,28.2,2655067,N/A,18.5166
18-05-2011,26.1,26.47,25.52,26.35,729407,N/A,17.3019
17-05-2011,27,27,25.72,25.96,1234156,N/A,17.0458
16-05-2011,27.99,27.99,26.55,26.6,755622,N/A,17.4661
13-05-2011,28,28.189,27.3,27.55,661577,N/A,18.0898
12-05-2011,27.07,27.74,26.65,27.67,627740,N/A,18.1686
11-05-2011,28.2,28.299,26.92,27.07,962965,N/A,17.7747
10-05-2011,28.24,28.95,27.91,28.33,1535468,N/A,18.602
09-05-2011,27,28,26.85,27.91,916303,N/A,18.3262
06-05-2011,26.9,27.7,26.62,27.12,981606,N/A,17.8075
05-05-2011,27.2,27.44,26.17,26.44,1219449,N/A,17.361
04-05-2011,26.78,27,25.75,26.69,1047169,N/A,N/A
03-05-2011,27.38,27.39,26.5,26.87,913865,N/A,N/A
02-05-2011,27.6,27.8,27.06,27.45,784560,N/A,N/A
29-04-2011,27.69,27.87,27.42,27.6,726240,N/A,N/A
28-04-2011,27.07,27.69,26.72,27.66,1644897,N/A,N/A
27-04-2011,26.93,27.36,26.63,27.08,996901,N/A,N/A
26-04-2011,26.66,27.25,26.31,26.93,1372343,N/A,N/A
25-04-2011,26.7,26.73,25.97,26.39,800839,N/A,N/A
22-04-2011,0,0,0,26.74,0,N/A,N/A
21-04-2011,25.85,26.98,25.59,26.74,1386053,N/A,N/A
20-04-2011,25.7,26.09,25.3,25.75,837469,N/A,N/A
19-04-2011,25.26,25.26,24.65,25.16,548693,N/A,N/A
18-04-2011,25.13,25.62,24.36,25.03,1033871,N/A,N/A
15-04-2011,25.65,26.18,25.41,25.58,943451,N/A,N/A
14-04-2011,24.87,25.28,24.2,25.14,983382,N/A,N/A
13-04-2011,25.13,25.69,24.81,24.93,1211444,N/A,N/A
12-04-2011,25.08,25.21,24.3,24.65,1357401,N/A,N/A
11-04-2011,26.47,26.53,25.02,25.27,1369940,N/A,N/A
08-04-2011,27.58,27.6,26.36,26.49,1946352,N/A,N/A
07-04-2011,26.85,27.94,26.45,27.24,2810566,N/A,N/A
06-04-2011,26.99,27.01,25.8,26.49,1288297,N/A,N/A
05-04-2011,25.9,27,25.69,26.7,3181627,N/A,N/A
04-04-2011,26.83,27,25.23,25.83,2609227,N/A,N/A
01-04-2011,27.45,28.18,26.57,26.66,2864787,N/A,N/A
31-03-2011,26.55,28.71,26.5,27.75,11519732,N/A,N/A
30-03-2011,24.11,24.49,23.01,23.71,1223877,N/A,N/A
29-03-2011,23.3,24,23.21,23.92,755591,N/A,N/A
28-03-2011,22.7,23.539,22.55,23.25,1058018,N/A,N/A
25-03-2011,22.43,23,22.4,22.75,567922,N/A,N/A
24-03-2011,22.14,22.38,21.98,22.33,462160,N/A,N/A
23-03-2011,22.11,22.27,21.77,22.21,422793,N/A,N/A
22-03-2011,22.73,22.86,22,22.19,582813,N/A,N/A
21-03-2011,23.05,23.05,22.54,22.73,411650,N/A,N/A
18-03-2011,23.19,23.19,22.51,22.96,687823,N/A,N/A
17-03-2011,23.24,23.43,22.64,22.81,922504,N/A,N/A
16-03-2011,22.86,23.25,22.69,22.82,1169676,N/A,N/A
15-03-2011,22.2,22.96,21.8,22.95,1318756,N/A,N/A
14-03-2011,23.82,24,23.2,23.25,1165871,N/A,N/A
11-03-2011,23.85,24.25,23.53,24.07,930794,N/A,N/A
10-03-2011,24.44,24.49,23.73,24.01,1016947,N/A,N/A
09-03-2011,24.66,24.99,24.27,24.72,924721,N/A,N/A
08-03-2011,24.6,24.96,24,24.66,1399851,N/A,N/A
07-03-2011,24.93,25.4,24.7,24.94,2033531,N/A,N/A
04-03-2011,24.48,24.99,23.78,24.95,1576900,N/A,N/A
03-03-2011,24.48,24.79,24.06,24.36,640140,N/A,N/A
02-03-2011,23.82,24.28,23.725,24.02,663294,N/A,N/A
01-03-2011,24.05,24.32,23.7,23.94,1106350,N/A,N/A
28-02-2011,23.74,24.1,23.5,23.89,1051106,N/A,N/A
25-02-2011,22.81,23.85,22.69,23.61,1347257,N/A,N/A
24-02-2011,21.78,22.58,21.5,22.53,1055450,N/A,N/A
23-02-2011,22.18,22.5,21.11,21.83,1605708,N/A,N/A
22-02-2011,22.88,23,21.78,21.87,2064540,N/A,N/A
21-02-2011,0,0,0,23.18,0,N/A,N/A
18-02-2011,23.33,23.49,22.96,23.18,2370620,N/A,N/A
17-02-2011,24.63,25.49,23.55,23.6,2619842,N/A,N/A
16-02-2011,23.1,24.97,23.07,24.73,4115806,N/A,N/A
15-02-2011,23.01,23.17,22.56,22.84,954123,N/A,N/A
14-02-2011,23.64,24.14,23.05,23.08,1283104,N/A,N/A
11-02-2011,23.25,23.75,22.94,23.25,634472,N/A,N/A
10-02-2011,23.26,23.64,22.81,23.215,836020,N/A,N/A
09-02-2011,24.13,24.18,22.79,23.21,2636262,N/A,N/A
08-02-2011,23.78,25.25,23,24.49,3504983,N/A,N/A
07-02-2011,23.26,23.26,22.88,23.07,895011,N/A,N/A
04-02-2011,23.44,23.67,23.22,23.46,543917,N/A,N/A
03-02-2011,23.82,23.9,23.15,23.63,512067,N/A,N/A
02-02-2011,24.16,24.18,23.669,23.94,569472,N/A,N/A
01-02-2011,24.31,24.73,23.54,23.91,707791,N/A,N/A
31-01-2011,24.05,24.12,23.5,24.1,831151,N/A,N/A
28-01-2011,24.88,24.88,23.75,24.01,1048811,N/A,N/A
27-01-2011,24.74,25.08,24.53,24.92,895655,N/A,N/A
26-01-2011,24.71,24.88,24.1,24.75,1079867,N/A,N/A
25-01-2011,24.65,24.89,24.02,24.68,1271457,N/A,N/A
24-01-2011,23.53,24.81,23.23,24.49,1645189,N/A,N/A
21-01-2011,23.12,23.59,22.71,23.04,1216941,N/A,N/A
20-01-2011,24.03,24.45,22.37,22.62,2279858,N/A,N/A
19-01-2011,25.27,25.47,23.75,24.03,2371514,N/A,N/A
18-01-2011,25.48,25.64,24.75,25.64,1622840,N/A,N/A
17-01-2011,0,0,0,25.75,0,N/A,N/A
14-01-2011,26.15,26.58,25.61,25.75,1191921,N/A,N/A
13-01-2011,26.96,26.97,26.16,26.22,723522,N/A,N/A
12-01-2011,27.01,27.399,26.52,26.96,964722,N/A,N/A
11-01-2011,28.59,28.71,26.92,26.96,1710201,N/A,N/A
10-01-2011,28.17,28.68,28.05,28.45,1342612,N/A,N/A
07-01-2011,28,28.58,27.9,28.24,2249540,N/A,N/A
06-01-2011,26.83,28,26.81,27.88,2061117,N/A,N/A
05-01-2011,26.48,26.9,26.19,26.83,1446869,N/A,N/A
04-01-2011,26.66,26.95,26.02,26.67,1189071,N/A,N/A
03-01-2011,26.84,27,25.9,26.62,1282904,N/A,N/A
31-12-2010,26.57,27.25,26.5,26.63,1417847,N/A,N/A
30-12-2010,27.7,27.9,26.38,26.5,2041067,N/A,N/A
29-12-2010,27.03,28.01,26.5,27.73,3319430,N/A,N/A
28-12-2010,25.85,26.75,25,26.41,4056270,N/A,N/A
27-12-2010,28.02,28.58,25.06,25.549,9301929,N/A,N/A
24-12-2010,0,0,0,30.09,0,N/A,N/A
23-12-2010,31.26,32.48,29.92,30.09,1552525,N/A,N/A
22-12-2010,32.25,32.86,31.7,32.63,833256,N/A,N/A
21-12-2010,31.8,32.69,31.71,32.26,777678,N/A,N/A
20-12-2010,31.64,32.19,31.26,31.7,523320,N/A,N/A
17-12-2010,31.34,31.54,30.71,31.36,813817,N/A,N/A
16-12-2010,30,30.91,29.65,30.81,790070,N/A,N/A
15-12-2010,28.67,29.97,28.53,29.6,742900,N/A,N/A
14-12-2010,30.29,30.39,27.761,28.53,1765685,N/A,N/A
13-12-2010,31.64,31.77,30.4,30.55,410331,N/A,N/A
10-12-2010,32.05,32.92,31.13,31.52,429381,N/A,N/A
09-12-2010,32.51,32.72,31.65,32.05,405983,N/A,N/A
08-12-2010,32.48,32.49,31.52,32.37,660980,N/A,N/A
07-12-2010,30.49,32.4,30.05,31.56,1311548,N/A,N/A
06-12-2010,31.35,31.45,29.56,30.31,1274375,N/A,N/A
03-12-2010,32.01,32.25,30.87,31.49,1160060,N/A,N/A
02-12-2010,34.01,34.298,31.2,32.35,2006967,N/A,N/A
01-12-2010,35.87,36.42,33.45,34.35,1299175,N/A,N/A
30-11-2010,33.74,35.33,33.41,35.33,2222558,N/A,N/A
29-11-2010,35.412,35.95,33.33,34.33,1145543,N/A,N/A
26-11-2010,35.6,36,34.75,35.32,350554,N/A,N/A
25-11-2010,0,0,0,35.47,0,N/A,N/A
24-11-2010,35.27,35.97,34.334,35.47,1424959,N/A,N/A
23-11-2010,33.29,35.68,32.19,34.57,1577970,N/A,N/A
22-11-2010,31.57,33.45,31.5,33.4,1529972,N/A,N/A
19-11-2010,30.16,31.37,29.7,30.99,1150494,N/A,N/A
18-11-2010,30.67,30.74,28.92,29.89,956248,N/A,N/A
17-11-2010,30.2,30.75,28.61,29.49,750341,N/A,N/A
16-11-2010,31,31.4,28.42,29.67,1347731,N/A,N/A
15-11-2010,30.22,32.939,30.22,30.8,2625133,N/A,N/A
12-11-2010,28.25,30.5,28.07,29.84,2729069,N/A,N/A
11-11-2010,28.6,29.1,27.33,28.035,1944794,N/A,N/A
10-11-2010,24.48,29.97,24.05,29.36,3061038,N/A,N/A
09-11-2010,25,25.69,24.05,24.63,956649,N/A,N/A
08-11-2010,24.5,25,24.03,24.98,509475,N/A,N/A
05-11-2010,24.87,24.97,23.72,24.44,1010946,N/A,N/A
04-11-2010,22.6,25.33,22.151,24.9,1873917,N/A,N/A
03-11-2010,21.28,22.5,21.16,21.77,374199,N/A,N/A
02-11-2010,21.68,21.879,21.05,21.25,322465,N/A,N/A
01-11-2010,21.94,22.75,21.31,21.41,455784,N/A,N/A
29-10-2010,21.14,21.85,21.052,21.84,280532,N/A,N/A
28-10-2010,21.39,21.5,20.96,21.19,224190,N/A,N/A
27-10-2010,21.25,21.38,20.65,21,356500,N/A,N/A
26-10-2010,20.8,21.87,20.51,21.36,660841,N/A,N/A
25-10-2010,20.94,20.98,20.73,20.85,118614,N/A,N/A
22-10-2010,20.68,20.93,20.55,20.72,161021,N/A,N/A
21-10-2010,20.61,20.95,20.45,20.75,417099,N/A,N/A
20-10-2010,20.16,20.69,20.04,20.65,312444,N/A,N/A
19-10-2010,20.2,20.406,20,20.05,245127,N/A,N/A
18-10-2010,20.52,20.64,20.22,20.23,162729,N/A,N/A
15-10-2010,20.89,20.9,20.25,20.54,284645,N/A,N/A
14-10-2010,21,21.03,20.4,20.75,294620,N/A,N/A
13-10-2010,20.64,20.85,20.36,20.54,320541,N/A,N/A
12-10-2010,20.2,20.283,20.03,20.24,243912,N/A,N/A
11-10-2010,20.44,20.699,20.07,20.24,171194,N/A,N/A
08-10-2010,20.43,20.79,20.39,20.43,267719,N/A,N/A
07-10-2010,20.57,20.64,20.34,20.43,140920,N/A,N/A
06-10-2010,21.06,21.258,20.32,20.46,313552,N/A,N/A
05-10-2010,21.15,21.28,21.01,21.12,331936,N/A,N/A
04-10-2010,20.43,21.17,20.3,20.99,643599,N/A,N/A
01-10-2010,20.69,20.75,20.31,20.6,598971,N/A,N/A
30-09-2010,22,22.15,20.19,20.405,2195782,N/A,N/A
29-09-2010,21.19,22.03,21.13,21.98,1969457,N/A,N/A
28-09-2010,21.04,21.49,20.76,21.4,1214465,N/A,N/A
27-09-2010,20.4,20.81,20.05,20.53,418597,N/A,N/A
24-09-2010,19.95,20.19,19.65,20.1,578887,N/A,N/A
23-09-2010,19.89,20.14,19.5,19.56,668076,N/A,N/A
22-09-2010,20.87,20.95,19.8,19.87,962816,N/A,N/A
21-09-2010,20.89,21.55,20.67,20.77,796000,N/A,N/A
20-09-2010,20.67,21.35,20.16,21.055,947475,N/A,N/A
17-09-2010,21.02,21.32,19.8,20.23,1198458,N/A,N/A
16-09-2010,22.15,23.16,20.84,20.94,2685480,N/A,N/A
15-09-2010,20.98,22,20.79,21.98,684758,N/A,N/A
14-09-2010,20.54,21.6,20.53,21.12,654629,N/A,N/A
13-09-2010,20.89,20.899,20.5,20.72,360703,N/A,N/A
10-09-2010,20.75,20.93,19.76,20.17,386571,N/A,N/A
09-09-2010,21,21.05,20.69,20.71,376197,N/A,N/A
08-09-2010,20.66,20.95,20.6,20.9,288382,N/A,N/A
07-09-2010,20.61,21,20.5,20.54,243335,N/A,N/A
06-09-2010,0,0,0,21.05,0,N/A,N/A
03-09-2010,20.87,21.3,20.66,21.05,434756,N/A,N/A
02-09-2010,20.37,21.24,20.31,21.06,487060,N/A,N/A
01-09-2010,19.62,20.69,19.6,20.45,494885,N/A,N/A
31-08-2010,19.66,19.79,19.33,19.48,201012,N/A,N/A
30-08-2010,19.7,20.19,19.61,19.87,732731,N/A,N/A
27-08-2010,19.75,19.865,19.5,19.7,379642,N/A,N/A
26-08-2010,19.89,20.27,19.6,19.75,433736,N/A,N/A
25-08-2010,19.16,19.98,18.56,19.9,503289,N/A,N/A
24-08-2010,19.25,19.71,18.95,19.2,673074,N/A,N/A
23-08-2010,19.1,20.389,19,20.13,1088029,N/A,N/A
20-08-2010,18.65,19.11,18.51,19.1,295999,N/A,N/A
19-08-2010,18.54,19.25,18.33,18.79,579082,N/A,N/A
18-08-2010,19.59,19.59,18.6,18.77,601332,N/A,N/A
17-08-2010,18.96,19.4,18.78,19.15,447881,N/A,N/A
16-08-2010,18.45,18.8,18.262,18.78,485711,N/A,N/A
13-08-2010,18.18,18.45,17.66,18.32,633971,N/A,N/A
12-08-2010,17.8,17.9,17.39,17.6,691081,N/A,N/A
11-08-2010,18.7,18.88,17.85,17.9,797650,N/A,N/A
10-08-2010,19.65,19.65,18.82,19.03,1281286,N/A,N/A
09-08-2010,19.9,19.98,19.45,19.6,812656,N/A,N/A
06-08-2010,20.1,20.16,19.52,19.59,742138,N/A,N/A
05-08-2010,21.54,21.55,20.05,20.45,796380,N/A,N/A
04-08-2010,21.95,22.18,20.85,21.26,917726,N/A,N/A
03-08-2010,21,21.95,20.82,21.95,1231023,N/A,N/A
02-08-2010,20.5,20.97,20.333,20.92,719145,N/A,N/A
30-07-2010,20.2,20.44,19.55,19.94,426830,N/A,N/A
29-07-2010,20.77,20.88,20,20.35,615910,N/A,N/A
28-07-2010,20.55,20.9,20.51,20.72,467183,N/A,N/A
27-07-2010,20.91,21.18,20.26,20.55,619675,N/A,N/A
26-07-2010,21.5,21.5,20.3,20.95,922178,N/A,N/A
23-07-2010,21.19,21.56,21.06,21.29,654049,N/A,N/A
22-07-2010,20.5,21.25,20.37,21,960371,N/A,N/A
21-07-2010,20.66,20.9,19.5,20.22,1253442,N/A,N/A
20-07-2010,21.85,21.85,20.05,20.3,1825231,N/A,N/A
19-07-2010,21.37,22.25,20.92,21.91,2484024,N/A,N/A
16-07-2010,20.7,21.3,20.05,20.64,2620710,N/A,N/A
15-07-2010,19.94,21.5,19,19.89,3742925,N/A,N/A
14-07-2010,17.94,20.15,17.76,19.84,4193710,N/A,N/A
13-07-2010,17.394,18.64,16.9,18.14,2680060,N/A,N/A
12-07-2010,17.95,18.07,17,17.05,2202412,N/A,N/A
09-07-2010,17.58,17.9,16.55,17.4,4051112,N/A,N/A
08-07-2010,16.14,17.52,15.57,17.46,7711549,N/A,N/A
07-07-2010,16.4,16.63,14.98,15.8,6921614,N/A,N/A
06-07-2010,20,20,15.83,16.11,6867450,N/A,N/A
05-07-2010,0,0,0,19.2,0,N/A,N/A
02-07-2010,23,23.1,18.71,19.2,5140320,N/A,N/A
01-07-2010,25,25.92,20.27,21.96,8223739,N/A,N/A
30-06-2010,25.79,30.419,23.3,23.83,17189008,N/A,N/A
29-06-2010,19,25,17.54,23.89,18783276,N/A,N/A
